ID,SITEID,record_num,person_num
1,5.00105E+13,4858,4441
2,5.00105E+13,7101,6635
3,5.00105E+13,2112,1843
4,5.00105E+13,5582,5175
5,5.00105E+13,8830,8554
6,5.00105E+13,6861,6294
7,5.00105E+13,13588,12079
8,5.00105E+13,15135,13701
9,5.00105E+13,8854,8018
10,5.00105E+13,3199,2747
11,5.00105E+13,9584,8520
12,5.00105E+13,5504,4914
13,5.00105E+13,4357,4018
14,5.00105E+13,1872,1753
15,5.00105E+13,15115,13471
16,5.00105E+13,10880,10049
17,5.00105E+13,8092,7288
18,5.00105E+13,5601,4849
19,5.00105E+13,5802,5239
20,5.00105E+13,10169,9489
21,5.00105E+13,4446,4110
22,5.00105E+13,1874,1827
23,5.00105E+13,4106,3764
24,5.00105E+13,16365,15326
25,5.00105E+13,20778,18365
26,5.00105E+13,6981,6550
27,5.00105E+13,4824,4386
28,5.00105E+13,5600,5073
29,5.00105E+13,14975,13833
30,5.00105E+13,7820,6925
31,5.00105E+13,9980,8832
32,5.00105E+13,13347,12395
33,5.00105E+13,4625,4242
34,5.00105E+13,4832,4383
35,5.00105E+13,9567,8639
36,5.00105E+13,11845,10558
37,5.00105E+13,10579,9444
38,5.00105E+13,5673,5053
39,5.00105E+13,14143,12946
40,5.00105E+13,6075,5439
41,5.00105E+13,6950,6179
42,5.00105E+13,24135,21799
43,5.00105E+13,3541,3216
44,5.00105E+13,10181,9348
45,5.00105E+13,7819,7126
46,5.00105E+13,1459,1381
47,5.00105E+13,2944,2782
48,5.00105E+13,5573,5219
49,5.00105E+13,6822,6006
50,5.00105E+13,4097,3684
51,5.00105E+13,2657,2484
52,5.00105E+13,5717,5011
53,5.00105E+13,7579,5650
54,5.00105E+13,6356,5806
55,5.00103E+13,6149,5442
56,5.00103E+13,9782,8521
57,5.00103E+13,8615,8382
58,5.00103E+13,13246,11587
59,5.00103E+13,5847,5203
60,5.00103E+13,18026,16594
61,5.00103E+13,3917,3540
62,5.00103E+13,3608,3574
63,5.00103E+13,6302,6160
64,5.00103E+13,6160,5563
65,5.00103E+13,6638,6079
66,5.00103E+13,13637,12546
67,5.00103E+13,3264,2823
68,5.00103E+13,6976,6077
69,5.00103E+13,10229,9089
70,5.00104E+13,7658,6556
71,5.00104E+13,5676,5189
72,5.00104E+13,13294,11553
73,5.00104E+13,6028,5385
74,5.00104E+13,9024,8002
75,5.00104E+13,3580,3351
76,5.00104E+13,6240,5606
77,5.00104E+13,8166,7310
78,5.00105E+13,2426,2276
79,5.00105E+13,5476,4674
80,5.00103E+13,8858,8132
81,5.00103E+13,6389,5594
82,5.00103E+13,7999,7481
83,5.00103E+13,7950,7285
84,5.00103E+13,6143,5337
85,5.00103E+13,5542,5117
86,5.00103E+13,15201,13801
87,5.00103E+13,13377,11888
88,5.00103E+13,1341,1321
89,5.00103E+13,10353,9337
90,5.00103E+13,5350,4989
91,5.00103E+13,6161,5526
92,5.00103E+13,3342,2893
93,5.00103E+13,20619,18323
94,5.00105E+13,10581,9261
95,5.00105E+13,10180,9371
96,5.00105E+13,124,124
97,5.00105E+13,6337,5864
98,5.00105E+13,18795,17974
99,5.00103E+13,14521,13254
100,5.00103E+13,14118,13954
101,5.00103E+13,6990,6345
102,5.00103E+13,12792,11714
103,5.00103E+13,13246,12187
104,5.00103E+13,6667,5859
105,5.00103E+13,9086,8014
106,5.00104E+13,3175,2921
107,5.00104E+13,994,944
108,5.00104E+13,4087,3671
109,5.00104E+13,7799,7095
110,5.00104E+13,8691,8106
111,5.00104E+13,3680,3394
112,5.00104E+13,7862,7017
113,5.00104E+13,2891,2677
114,5.00104E+13,1914,1578
115,5.00104E+13,4669,4341
116,5.00104E+13,5927,5448
117,5.00104E+13,8832,8174
118,5.00104E+13,3002,2923
119,5.00103E+13,13439,12092
120,5.00103E+13,8384,7527
121,5.00103E+13,14014,12922
122,5.00103E+13,5948,4794
123,5.00103E+13,8596,7506
124,5.00103E+13,7203,6640
125,5.00103E+13,12534,11660
126,5.00103E+13,4981,4488
127,5.00103E+13,11618,10199
128,5.00103E+13,5861,5816
129,5.00103E+13,22985,21086
130,5.00105E+13,4419,4136
131,5.00105E+13,6771,6223
132,5.00105E+13,1527,1479
133,5.00105E+13,1713,1609
134,5.00105E+13,10303,9180
135,5.00105E+13,12642,11236
136,5.00105E+13,12334,11353
137,5.00105E+13,8858,8091
138,5.00105E+13,5968,5460
139,5.00105E+13,9734,9083
140,5.00105E+13,4407,4290
141,5.00105E+13,11139,10122
142,5.00105E+13,5553,5106
143,5.00105E+13,5753,5277
144,5.00105E+13,11411,10312
145,5.00105E+13,7637,6863
146,5.00105E+13,9617,8401
147,5.00105E+13,13818,12210
148,5.00105E+13,18923,17189
149,5.00105E+13,20217,17918
150,5.00105E+13,1522,1150
151,5.00103E+13,488,461
152,5.00103E+13,3940,3605
153,5.00108E+13,10100,9253
154,5.00108E+13,10242,9376
155,5.00108E+13,10265,9267
156,5.00108E+13,7172,6326
157,5.00108E+13,9028,8312
158,5.00108E+13,9172,8355
159,5.00108E+13,530,521
160,5.00108E+13,6434,5947
161,5.00108E+13,11601,10763
162,5.00108E+13,6018,5435
163,5.00108E+13,2136,1971
164,5.00108E+13,14646,13383
165,5.00108E+13,7416,6814
166,5.00108E+13,5379,4667
167,5.00108E+13,4047,3678
168,5.00108E+13,5467,4950
169,5.00108E+13,5827,5189
170,5.00108E+13,1518,1360
171,5.00108E+13,3243,2945
172,5.00108E+13,4876,4432
173,5.00108E+13,4803,4454
174,5.00108E+13,7712,7153
175,5.00108E+13,2855,2658
176,5.00108E+13,2863,2502
177,5.00108E+13,10362,9527
178,5.00108E+13,2609,2376
179,5.00108E+13,22010,20444
180,5.00108E+13,10282,9469
181,5.00108E+13,6325,5734
182,5.00108E+13,3481,3216
183,5.00108E+13,4971,4431
184,5.00108E+13,8440,7539
185,5.00108E+13,4579,4244
186,5.00108E+13,12629,11217
187,5.00108E+13,2742,2526
188,5.00108E+13,2353,2225
189,5.00108E+13,4250,3871
190,5.00108E+13,4652,4012
191,5.00108E+13,5756,5263
193,5.00108E+13,4146,3855
194,5.00108E+13,678,650
195,5.00108E+13,3641,3443
196,5.00108E+13,13449,12526
197,5.00108E+13,3725,3428
198,5.00108E+13,4908,4433
199,5.00108E+13,11138,10096
200,5.00112E+13,8287,7494
201,5.00112E+13,8042,7433
202,5.00112E+13,4463,4167
203,5.00112E+13,2711,2386
204,5.00112E+13,10995,10046
205,5.00112E+13,2576,2399
206,5.00112E+13,4964,4500
207,5.00112E+13,9490,8621
208,5.00112E+13,10674,10093
209,5.00112E+13,6848,6375
210,5.00112E+13,6417,6025
211,5.00112E+13,4659,4075
212,5.00112E+13,9532,8399
213,5.00112E+13,7424,6710
214,5.00112E+13,1811,1761
215,5.00112E+13,13736,12376
216,5.00112E+13,12289,11079
217,5.00112E+13,9218,8186
218,5.00112E+13,3367,3141
219,5.00112E+13,6451,5830
220,5.00112E+13,5392,4964
221,5.00112E+13,20271,17885
222,5.00112E+13,7973,7178
223,5.00112E+13,3368,3053
224,5.00112E+13,6635,6198
225,5.00112E+13,7226,6311
226,5.00112E+13,5272,4673
227,5.00112E+13,7839,7111
228,5.00112E+13,9858,8946
229,5.00105E+13,8536,7762
230,5.00105E+13,10214,9283
231,5.00105E+13,4654,4250
232,5.00105E+13,13331,11664
233,5.00105E+13,9872,8716
234,5.00103E+13,12780,11373
235,5.00103E+13,6958,6540
236,5.00103E+13,20201,18283
237,5.00103E+13,9023,7972
238,5.00103E+13,6447,5976
239,5.00103E+13,9853,8796
240,5.00103E+13,8877,7827
241,5.00103E+13,6284,5837
242,5.00103E+13,7457,6800
243,5.00103E+13,1474,1399
244,5.00103E+13,10885,9773
245,5.00103E+13,16647,15340
246,5.00103E+13,5901,5382
247,5.00103E+13,6143,5475
248,5.00103E+13,6199,5320
249,5.00103E+13,3389,3031
250,5.00103E+13,7488,6818
251,5.00103E+13,14455,13509
252,5.00103E+13,9324,8496
253,5.00103E+13,17509,15979
254,5.00103E+13,15343,14434
255,5.00103E+13,7232,6562
256,5.00103E+13,9010,7701
257,5.00103E+13,6408,5921
258,5.00109E+13,6880,6354
259,5.00109E+13,4682,4295
260,5.00109E+13,1833,1693
261,5.00109E+13,5837,5010
262,5.00109E+13,1964,1722
263,5.00109E+13,4051,3679
264,5.00109E+13,3713,3417
265,5.00109E+13,2520,2317
266,5.00109E+13,10712,9725
267,5.00109E+13,1203,1105
268,5.00109E+13,893,752
269,5.00109E+13,7770,7102
270,5.00109E+13,6457,5871
271,5.00109E+13,236,232
272,5.00109E+13,3357,3048
273,5.00109E+13,2429,2187
274,5.00109E+13,4927,4436
275,5.00109E+13,3352,3068
276,5.00109E+13,992,928
277,5.00109E+13,4000,3500
278,5.00109E+13,4090,3786
279,5.00109E+13,7199,6571
280,5.00109E+13,5303,4536
281,5.00109E+13,3183,2961
282,5.00109E+13,7176,6627
283,5.00109E+13,3222,3007
284,5.00109E+13,18631,16635
285,5.00109E+13,3038,2361
286,5.00109E+13,2639,2442
287,5.00109E+13,18612,17174
288,5.00109E+13,1850,1788
290,5.00109E+13,2608,2327
291,5.00109E+13,1862,1723
292,5.00105E+13,2475,2287
293,5.00105E+13,3915,3561
294,5.00105E+13,10192,9361
295,5.00105E+13,15201,13725
296,5.00105E+13,9559,8731
297,5.00105E+13,7516,6958
298,5.00105E+13,14447,12724
299,5.00105E+13,10052,9156
300,5.00105E+13,24080,21542
301,5.00105E+13,2465,2185
302,5.00105E+13,8437,7745
303,5.00105E+13,7995,7377
304,5.00105E+13,6673,6049
305,5.00105E+13,3532,3298
306,5.00105E+13,3697,3480
307,5.00105E+13,8584,7845
308,5.00105E+13,10651,9513
309,5.00105E+13,808,801
310,5.00105E+13,20947,19115
311,5.00105E+13,12624,11739
312,5.00105E+13,7948,7325
313,5.00105E+13,9838,8955
314,5.00105E+13,3849,3648
315,5.00105E+13,2743,2466
316,5.00105E+13,10972,9721
317,5.00105E+13,9473,8701
318,5.00105E+13,4656,4371
319,5.00105E+13,2883,2669
320,5.00109E+13,7045,6188
321,5.00109E+13,1932,1678
322,5.00109E+13,2477,2282
323,5.00109E+13,3150,2909
324,5.00109E+13,1171,1016
325,5.00109E+13,151,150
326,5.00109E+13,3365,2615
327,5.00109E+13,5006,4521
328,5.00109E+13,2068,1875
329,5.00109E+13,1401,1303
330,5.00109E+13,35188,32779
331,5.00109E+13,6640,5893
332,5.00109E+13,2770,2476
333,5.00109E+13,5808,5123
334,5.00109E+13,5059,4336
335,5.00109E+13,3000,2638
336,5.00109E+13,6895,6114
337,5.00109E+13,3454,3170
338,5.00109E+13,2287,1990
339,5.00109E+13,6060,5558
340,5.00109E+13,1845,1690
341,5.00109E+13,2559,2310
342,5.00109E+13,2420,2187
343,5.00109E+13,5121,4554
344,5.00109E+13,6601,5962
345,5.00109E+13,1855,1504
346,5.00109E+13,1578,1441
347,5.00109E+13,577,540
348,5.00109E+13,14311,12532
349,5.00109E+13,850,751
350,5.00107E+13,2644,2411
351,5.00107E+13,2056,1884
352,5.00107E+13,6343,5596
353,5.00108E+13,4857,4335
354,5.00108E+13,6792,6176
355,5.00108E+13,17825,16621
356,5.00108E+13,5958,5371
357,5.00108E+13,2624,2359
358,5.00108E+13,3400,3014
359,5.00108E+13,10454,9504
360,5.00108E+13,9962,8409
361,5.00108E+13,11206,10404
362,5.00108E+13,3868,3558
363,5.00108E+13,5702,5347
364,5.00108E+13,12215,10714
365,5.00108E+13,4607,4268
366,5.00108E+13,6486,5690
367,5.00108E+13,9200,8436
368,5.00108E+13,3713,3406
369,5.00108E+13,1027,1007
370,5.00108E+13,3993,3767
371,5.00108E+13,280,278
372,5.00108E+13,4410,3903
373,5.00108E+13,9450,8079
374,5.00108E+13,346,331
375,5.00108E+13,5227,4766
376,5.00108E+13,6940,6547
377,5.00108E+13,1558,1394
378,5.00108E+13,6817,6105
379,5.00108E+13,1826,1591
380,5.00108E+13,6079,5489
381,5.00108E+13,7473,6667
382,5.00108E+13,3552,3224
383,5.00108E+13,23928,21826
384,5.00108E+13,9573,8847
385,5.00108E+13,7767,7149
386,5.00108E+13,6663,6280
387,5.00108E+13,826,806
388,5.00108E+13,16781,15182
389,5.00108E+13,6852,6335
390,5.00108E+13,2081,2030
391,5.00107E+13,17123,15517
392,5.00107E+13,4417,3782
393,5.00107E+13,933,900
394,5.00107E+13,5638,4910
395,5.00107E+13,8062,7326
396,5.00107E+13,6672,5874
397,5.00107E+13,7958,7254
398,5.00107E+13,15258,13877
399,5.00107E+13,5431,4793
400,5.00107E+13,2059,1921
401,5.00107E+13,9257,8344
402,5.00107E+13,9055,8196
403,5.00107E+13,3763,3425
404,5.00107E+13,4012,3600
405,5.00107E+13,4602,3941
406,5.00107E+13,2921,2533
407,5.00107E+13,7625,6733
408,5.00107E+13,4882,4248
409,5.00107E+13,8210,7497
410,5.00107E+13,1167,1144
411,5.00107E+13,7999,7103
412,5.00107E+13,5644,4889
413,5.00107E+13,4134,3614
414,5.00107E+13,1614,1407
415,5.00107E+13,6079,5344
416,5.00107E+13,9455,8605
417,5.00107E+13,3628,3376
418,5.00107E+13,5418,4841
419,5.00107E+13,12910,11716
420,5.00107E+13,3767,3391
421,5.00107E+13,11826,10444
422,5.00107E+13,7258,6661
423,5.00107E+13,4082,3720
424,5.00107E+13,6500,5672
425,5.00107E+13,4437,3892
426,5.00108E+13,6832,6176
427,5.00108E+13,3953,3643
428,5.00108E+13,23654,21503
429,5.00108E+13,6567,6239
430,5.00108E+13,2954,2686
431,5.00108E+13,9779,8536
432,5.00108E+13,7863,6839
433,5.00108E+13,3908,3648
434,5.00108E+13,13307,12185
435,5.00108E+13,5987,5367
436,5.00108E+13,12592,11388
437,5.00108E+13,1846,1762
438,5.00108E+13,7605,6948
439,5.00108E+13,11469,10433
440,5.00108E+13,5463,4992
441,5.00108E+13,9733,9071
442,5.00108E+13,10079,8818
444,5.00108E+13,5076,4644
445,5.00108E+13,11615,10309
446,5.00108E+13,10972,10244
447,5.00108E+13,9006,8246
448,5.00108E+13,8190,7375
449,5.00108E+13,7876,7180
450,5.00108E+13,3855,3531
451,5.00108E+13,4724,4264
452,5.00108E+13,6477,6010
453,5.00108E+13,8916,8043
454,5.00108E+13,700,699
455,5.00108E+13,9779,8728
456,5.00108E+13,11416,10455
457,5.00108E+13,6926,6349
458,5.00108E+13,13250,12243
459,5.00108E+13,11360,10179
460,5.00108E+13,14144,12580
461,5.00108E+13,10925,10053
462,5.00108E+13,17461,15671
463,5.00108E+13,4633,4266
464,5.00108E+13,4771,4299
465,5.00108E+13,7924,7351
466,5.00108E+13,1378,1200
467,5.00108E+13,3388,3261
468,5.00109E+13,1370,1195
469,5.00109E+13,7385,6684
470,5.00109E+13,3635,3338
471,5.00109E+13,1770,1659
472,5.00109E+13,5355,4923
473,5.00109E+13,6112,5628
474,5.00109E+13,8256,7461
475,5.00109E+13,3890,3562
476,5.00109E+13,2556,2380
477,5.00109E+13,2294,2079
478,5.00109E+13,4163,3797
479,5.00107E+13,17064,15125
480,5.00107E+13,2826,2580
481,5.00107E+13,11145,9891
482,5.00107E+13,3953,3616
483,5.00107E+13,13600,12629
485,5.00107E+13,11105,9854
486,5.00107E+13,8471,7499
487,5.00107E+13,10965,10007
488,5.00107E+13,9983,8823
489,5.00107E+13,2981,2754
490,5.00107E+13,16977,14973
491,5.00107E+13,3370,2927
492,5.00107E+13,6085,5375
493,5.00107E+13,6022,5305
494,5.00107E+13,6621,6179
495,5.00107E+13,8159,7408
496,5.00107E+13,11255,10040
497,5.00107E+13,3222,2823
498,5.00107E+13,4671,4177
499,5.00107E+13,6538,6052
500,5.00107E+13,8099,7059
501,5.00107E+13,7048,6455
502,5.00107E+13,644,640
503,5.00107E+13,1625,1538
504,5.00107E+13,10697,9450
505,5.00107E+13,2600,2353
506,5.00106E+13,7896,6981
507,5.00106E+13,6243,5572
508,5.00106E+13,4240,3728
509,5.00106E+13,10821,9940
510,5.00106E+13,8596,7717
511,5.00106E+13,6357,5300
512,5.00106E+13,13413,12119
513,5.00106E+13,28145,25952
514,5.00106E+13,9182,8501
515,5.00106E+13,5929,5335
516,5.00106E+13,17600,15487
517,5.00106E+13,2879,2679
518,5.00106E+13,1822,1724
519,5.00106E+13,7577,6124
520,5.00106E+13,11168,8919
521,5.00106E+13,18180,16834
522,5.00106E+13,17342,15719
523,5.00105E+13,12613,11563
524,5.00105E+13,9991,9527
525,5.00105E+13,6987,6547
526,5.00105E+13,1239,1222
527,5.00106E+13,10151,9465
528,5.00106E+13,7252,6684
529,5.00106E+13,7026,6408
530,5.00106E+13,2566,2478
531,5.00106E+13,3899,3391
532,5.00106E+13,3911,3574
533,5.00106E+13,6751,5929
534,5.00106E+13,3318,3091
535,5.00106E+13,14096,13075
536,5.00106E+13,7737,7057
537,5.00106E+13,7012,6380
538,5.00107E+13,6681,5905
539,5.00107E+13,6480,5716
540,5.00107E+13,7256,6446
541,5.00107E+13,4865,4366
542,5.00107E+13,5799,5156
543,5.00107E+13,5674,5195
544,5.00107E+13,4214,3727
545,5.00107E+13,3390,3025
546,5.00107E+13,8480,7459
547,5.00107E+13,7705,6923
548,5.00107E+13,3316,2979
549,5.00107E+13,4418,4087
550,5.00107E+13,5019,4448
551,5.00107E+13,5915,5335
552,5.00107E+13,2611,2515
553,5.00107E+13,3358,3008
554,5.00107E+13,7881,6994
555,5.00107E+13,8161,7330
556,5.00107E+13,2143,1865
557,5.00107E+13,2425,2062
558,5.00106E+13,12013,10937
559,5.00106E+13,9750,8648
560,5.00106E+13,6447,6066
561,5.00106E+13,8758,7718
562,5.00106E+13,18138,15925
563,5.00106E+13,1754,1593
564,5.00106E+13,19366,17909
565,5.00106E+13,3992,3705
566,5.00106E+13,2598,2512
567,5.00106E+13,9714,9049
568,5.00106E+13,23925,21850
569,5.00106E+13,15017,13551
570,5.00106E+13,4825,4306
571,5.00106E+13,5268,4671
572,5.00106E+13,23516,21361
573,5.00106E+13,15596,13999
574,5.00106E+13,571,538
575,5.00106E+13,11937,11060
576,5.00106E+13,6540,5447
577,5.00106E+13,11464,10419
578,5.00106E+13,6027,5597
579,5.00106E+13,5106,4706
580,5.00106E+13,7145,6427
581,5.00106E+13,10636,9774
582,5.00106E+13,3170,2863
583,5.00106E+13,5962,5654
584,5.00106E+13,10330,9238
585,5.00106E+13,5938,5262
586,5.00106E+13,16986,15201
587,5.00106E+13,6661,5978
588,5.00106E+13,10991,9906
589,5.00107E+13,5463,4991
590,5.00112E+13,3109,2768
591,5.00112E+13,4086,3670
592,5.00112E+13,6081,5594
593,5.00112E+13,7840,6920
594,5.00112E+13,9973,9009
595,5.00112E+13,14512,12536
596,5.00112E+13,4397,3856
597,5.00112E+13,12681,11830
598,5.00112E+13,5549,5086
599,5.00112E+13,5727,5229
600,5.00112E+13,2421,1992
601,5.00112E+13,2383,2253
602,5.00107E+13,13060,11473
603,5.00107E+13,4286,3818
604,5.00107E+13,9833,9010
605,5.00107E+13,9682,8564
606,5.00107E+13,7432,6690
607,5.00107E+13,1824,1715
608,5.00107E+13,6838,6162
609,5.00107E+13,6431,5983
610,5.00107E+13,6909,6364
611,5.00107E+13,4002,3544
612,5.00107E+13,4076,3762
613,5.00107E+13,4912,4184
614,5.00107E+13,6473,5732
615,5.00107E+13,2582,2322
616,5.00107E+13,4538,4142
617,5.00107E+13,7556,6884
618,5.00107E+13,6804,6157
619,5.00107E+13,3645,3148
620,5.00107E+13,13985,12507
621,5.00107E+13,14597,13494
622,5.00107E+13,6033,5389
623,5.00112E+13,1852,1679
624,5.00112E+13,5405,4884
625,5.00112E+13,3125,2628
626,5.00112E+13,1255,1187
627,5.00112E+13,10610,9555
628,5.00112E+13,1902,1702
629,5.00112E+13,8046,7071
630,5.00112E+13,3157,2932
631,5.00112E+13,7909,7240
632,5.00112E+13,5312,4702
633,5.00112E+13,8575,7849
634,5.00112E+13,4654,4054
635,5.00112E+13,4818,4241
636,5.00112E+13,5666,5216
637,5.00153E+13,4912,4844
638,5.00153E+13,6444,5916
639,5.00153E+13,7588,7500
640,5.00153E+13,9394,9371
641,5.00153E+13,7082,6558
642,5.00153E+13,6354,5738
643,5.00999E+13,43,42
644,5.00107E+13,8077,7391
645,5.00233E+13,7711,7286
646,5.00233E+13,227,218
647,5.00233E+13,3570,3230
648,5.00233E+13,1912,1852
649,5.00233E+13,429,376
650,5.00233E+13,76,74
651,5.00113E+13,4488,3989
652,5.00113E+13,4734,4370
653,5.00113E+13,1653,1530
654,5.00113E+13,2095,1845
655,5.00107E+13,4936,4315
656,5.00107E+13,2821,2564
657,5.00107E+13,12012,10647
658,5.00107E+13,6433,5726
659,5.00107E+13,4979,4553
660,5.00107E+13,4399,3920
661,5.00107E+13,13823,12265
662,5.00107E+13,2493,2306
663,5.00107E+13,6386,5881
664,5.00107E+13,16671,14893
665,5.00107E+13,5024,4504
666,5.00107E+13,3399,3135
667,5.00107E+13,1995,1784
668,5.00107E+13,454,423
669,5.00107E+13,4681,4192
670,5.00107E+13,5681,5143
671,5.00107E+13,3376,3053
672,5.00107E+13,1318,1183
673,5.00107E+13,3073,2384
674,5.00107E+13,11627,10299
675,5.00107E+13,6042,5392
676,5.00107E+13,6367,5753
677,5.00107E+13,5618,5124
678,5.00107E+13,10024,9248
679,5.00107E+13,12115,10981
680,5.00107E+13,4146,3828
681,5.00106E+13,3204,2903
682,5.00106E+13,6401,5704
683,5.00106E+13,4343,4044
684,5.00106E+13,13712,13184
685,5.00106E+13,12248,10915
686,5.00106E+13,17018,15784
687,5.00106E+13,8234,7497
688,5.00106E+13,11368,10412
689,5.00106E+13,4031,3717
690,5.00106E+13,19071,18052
691,5.00106E+13,7827,7133
692,5.00106E+13,17296,16276
693,5.00106E+13,4736,4342
694,5.00106E+13,22760,21787
695,5.00106E+13,11088,10409
696,5.00107E+13,12754,11667
697,5.00113E+13,1846,1607
698,5.00113E+13,1215,1071
699,5.00113E+13,5684,5164
700,5.00113E+13,4417,4053
701,5.00113E+13,1823,1609
702,5.00113E+13,3586,3218
703,5.00113E+13,1740,1604
704,5.00113E+13,8742,7692
705,5.00113E+13,3283,3036
706,5.00113E+13,57706,42901
707,5.00113E+13,4474,3873
708,5.00113E+13,2994,2667
709,5.00113E+13,831,661
710,5.00113E+13,1587,1377
711,5.00113E+13,2524,2309
712,5.00113E+13,1000,965
713,5.00113E+13,9547,8705
714,5.00113E+13,625,600
715,5.00113E+13,12360,11057
716,5.00113E+13,442,403
717,5.00113E+13,3769,3297
718,5.00113E+13,4349,3905
719,5.00113E+13,30674,27502
720,5.00113E+13,5388,4833
721,5.00113E+13,1131,1015
722,5.00113E+13,4120,3788
723,5.00113E+13,4173,3712
724,5.00113E+13,6482,5806
725,5.00113E+13,5712,5075
726,5.00106E+13,10009,8940
727,5.00106E+13,7717,7051
728,5.00106E+13,11526,10032
729,5.00106E+13,6125,5364
730,5.00106E+13,5247,4688
731,5.00106E+13,5765,5173
732,5.00106E+13,14439,12742
733,5.00106E+13,13827,12065
734,5.00106E+13,6479,5707
735,5.00106E+13,16697,15369
736,5.00106E+13,841,819
737,5.00106E+13,10141,9563
738,5.00106E+13,4552,4002
739,5.00106E+13,5042,4435
740,5.00106E+13,5551,5223
741,5.00106E+13,10201,9058
742,5.00106E+13,15842,13765
743,5.00106E+13,24250,22015
744,5.00106E+13,9787,9021
745,5.00106E+13,11158,10309
746,5.00106E+13,5100,4550
747,5.00106E+13,3228,2806
748,5.00106E+13,5180,4675
749,5.00106E+13,7315,6344
750,5.00106E+13,4558,4145
751,5.00106E+13,4184,3932
752,5.00106E+13,1065,973
753,5.00106E+13,5615,4978
754,5.00106E+13,8671,7735
755,5.00106E+13,5711,5126
756,5.00106E+13,8164,7384
757,5.00106E+13,7052,6455
758,5.00106E+13,6584,6371
759,5.00106E+13,6446,5948
760,5.00106E+13,5996,5383
761,5.00106E+13,3266,2923
762,5.00106E+13,2980,2663
763,5.00106E+13,3060,2778
764,5.00106E+13,13708,12495
765,5.00106E+13,7965,7527
766,5.00106E+13,470,460
767,5.00106E+13,5464,4998
768,5.00106E+13,19812,18157
769,5.00106E+13,12050,10271
770,5.00106E+13,8451,7662
771,5.00106E+13,4232,3865
772,5.00106E+13,12547,11378
773,5.00106E+13,4082,3545
774,5.00106E+13,7930,7360
775,5.00106E+13,7550,6956
776,5.00106E+13,7317,6893
777,5.00106E+13,18666,17278
778,5.00106E+13,1016,961
779,5.00106E+13,5067,4594
780,5.00106E+13,10537,9655
781,5.00106E+13,3465,3028
782,5.00106E+13,4639,4024
783,5.00106E+13,4721,4457
784,5.00106E+13,3511,3323
785,5.00106E+13,3413,3193
786,5.00153E+13,5577,4975
787,5.00153E+13,6364,5635
788,5.00153E+13,4507,4125
789,5.00153E+13,11084,10128
790,5.00153E+13,1890,1752
791,5.00153E+13,5000,4471
792,5.00153E+13,4418,4079
793,5.00153E+13,9706,8898
794,5.00153E+13,14537,12918
795,5.00153E+13,12329,11117
796,5.00153E+13,8593,7721
797,5.00153E+13,8036,7347
798,5.00153E+13,23953,22061
799,5.00153E+13,5483,4777
800,5.00153E+13,7316,6953
801,5.00153E+13,18568,16860
802,5.00153E+13,13571,12851
803,5.00153E+13,8261,7507
804,5.00233E+13,7276,6919
805,5.00233E+13,1981,1817
806,5.00233E+13,80,73
807,5.00233E+13,51,51
808,5.00233E+13,338,311
809,5.00233E+13,2380,2236
810,5.00233E+13,123,116
811,5.00233E+13,94,91
812,5.00233E+13,24,23
813,5.00112E+13,4815,4310
814,5.00112E+13,686,675
815,5.00112E+13,5640,5172
816,5.00112E+13,8014,7207
817,5.00112E+13,2297,2003
818,5.00112E+13,4491,4288
819,5.00112E+13,9394,8579
820,5.00112E+13,6670,5995
821,5.00112E+13,8210,7483
822,5.00112E+13,8580,7929
823,5.00112E+13,3575,3296
824,5.00112E+13,4292,4029
825,5.00112E+13,6697,6045
826,5.00112E+13,6649,5948
827,5.00112E+13,6816,6256
828,5.00112E+13,4920,4253
829,5.00112E+13,484,468
830,5.00112E+13,8375,7520
831,5.00112E+13,1313,1253
832,5.00112E+13,1761,1464
833,5.00112E+13,7985,7412
834,5.00112E+13,7117,6425
835,5.00112E+13,9658,8663
836,5.00112E+13,11061,9805
837,5.00112E+13,15159,14051
838,5.00112E+13,6755,5975
839,5.00112E+13,14557,13110
840,5.00112E+13,6650,6150
841,5.00112E+13,6378,5820
842,5.00112E+13,3399,3090
843,5.00113E+13,3649,3365
844,5.00113E+13,797,746
845,5.00113E+13,6203,5569
846,5.00113E+13,6394,5665
847,5.00113E+13,3566,3351
848,5.00113E+13,3538,3219
849,5.00113E+13,9543,8354
850,5.00113E+13,6099,5535
851,5.00113E+13,1908,1713
852,5.00113E+13,2516,2229
853,5.00113E+13,3649,3357
854,5.00113E+13,1689,1523
855,5.00113E+13,5145,4584
856,5.00113E+13,8208,7634
857,5.00113E+13,5191,4648
858,5.00113E+13,7087,6223
859,5.00113E+13,4549,4206
860,5.00113E+13,3674,3321
861,5.00113E+13,1038,977
862,5.00113E+13,4678,4080
863,5.00113E+13,4476,3921
864,5.00113E+13,4364,3954
865,5.00113E+13,9568,8448
866,5.00113E+13,4401,3944
867,5.00113E+13,3123,2755
868,5.00153E+13,11240,10269
869,5.00241E+13,181,138
870,5.00238E+13,402,348
871,5.00112E+13,5917,5302
872,5.00112E+13,9562,8581
873,5.00112E+13,4127,3740
874,5.00112E+13,3508,3297
875,5.00112E+13,5515,5141
876,5.00112E+13,4163,3813
877,5.00112E+13,13282,11682
878,5.00112E+13,6716,6227
879,5.00112E+13,7722,6862
880,5.00112E+13,1406,1305
881,5.00112E+13,8210,6912
882,5.00112E+13,6222,5628
883,5.00112E+13,717,697
884,5.00112E+13,6605,5837
885,5.00112E+13,8628,7738
886,5.00112E+13,6042,5254
887,5.00112E+13,6786,6116
888,5.00112E+13,5249,4735
889,5.00112E+13,8472,7670
890,5.00112E+13,6855,6047
891,5.00112E+13,6266,5805
892,5.00112E+13,6105,5618
893,5.00112E+13,2548,2439
894,5.00112E+13,985,877
895,5.00112E+13,2582,2294
896,5.00112E+13,8790,7639
897,5.00112E+13,5622,5207
898,5.00112E+13,13361,12281
899,5.00112E+13,3024,2841
900,5.00112E+13,4916,4520
901,5.00112E+13,1475,1424
902,5.00112E+13,3842,3567
903,5.00112E+13,16924,15472
904,5.00112E+13,11660,10757
905,5.00112E+13,3446,3073
906,5.00112E+13,634,620
907,5.00112E+13,23594,21542
908,5.00112E+13,11859,10966
909,5.00112E+13,7376,6672
910,5.00112E+13,2962,2600
911,5.00112E+13,8535,7580
912,5.00112E+13,4487,4222
913,5.00112E+13,9883,8973
914,5.00241E+13,5322,4835
915,5.00241E+13,6,6
916,5.00241E+13,34,34
917,5.00241E+13,206,171
918,5.00241E+13,80,73
919,5.00241E+13,4182,3807
920,5.00241E+13,237,222
921,5.00241E+13,127,120
922,5.00241E+13,99,97
923,5.00241E+13,2226,1697
924,5.00241E+13,586,490
925,5.00241E+13,1335,1129
926,5.00241E+13,368,325
927,5.00241E+13,32,32
928,5.00241E+13,2186,1970
930,5.00242E+13,2525,2299
931,5.00242E+13,991,931
932,5.00242E+13,3222,2917
933,5.00242E+13,21,20
934,5.00242E+13,2612,2378
935,5.00233E+13,204,191
936,5.00233E+13,7034,6407
937,5.00233E+13,1471,1238
938,5.00233E+13,539,468
939,5.00233E+13,87,86
940,5.00233E+13,759,738
941,5.00233E+13,665,653
942,5.00233E+13,2303,2160
943,5.00233E+13,129,126
944,5.00233E+13,3437,3207
945,5.00233E+13,1554,1382
946,5.00233E+13,103,100
947,5.00233E+13,504,459
948,5.00233E+13,83,74
949,5.00233E+13,1180,1031
950,5.00233E+13,174,168
951,5.00233E+13,732,701
952,5.00233E+13,133,123
953,5.00233E+13,67,65
954,5.00233E+13,347,313
955,5.00233E+13,465,415
956,5.00234E+13,1,1
957,5.00234E+13,2305,1937
958,5.00234E+13,807,706
959,5.00234E+13,1371,1230
960,5.00234E+13,936,878
961,5.00234E+13,418,394
962,5.00234E+13,8,8
963,5.00234E+13,145,137
964,5.00234E+13,933,806
965,5.00234E+13,966,822
966,5.00234E+13,79,76
967,5.00241E+13,219,152
968,5.00241E+13,43,42
969,5.00241E+13,73,71
970,5.00241E+13,2865,2497
971,5.00241E+13,570,463
972,5.00241E+13,3365,2897
973,5.00241E+13,116,112
974,5.00241E+13,5132,4519
975,5.00105E+13,9456,8651
976,5.00232E+13,350,315
977,5.00231E+13,482,462
978,5.00153E+13,7527,6861
979,5.00242E+13,959,935
980,5.00105E+13,2922,2760
981,5.00237E+13,131,125
982,5.00237E+13,310,295
983,5.00237E+13,224,215
984,5.00237E+13,1109,1024
985,5.00237E+13,128,114
986,5.00237E+13,3765,3322
987,5.00237E+13,1180,1104
988,5.00237E+13,3161,2571
989,5.00237E+13,4537,3435
990,5.00237E+13,1,1
991,5.00238E+13,1279,1064
992,5.00238E+13,5185,4402
993,5.00238E+13,1137,1055
994,5.00238E+13,1400,1194
995,5.00238E+13,319,306
996,5.00238E+13,658,604
997,5.00238E+13,1496,1343
998,5.00238E+13,914,740
999,5.00112E+13,8566,7594
1000,5.00112E+13,13245,11934
1001,5.00112E+13,1931,1859
1002,5.00112E+13,5855,5341
1003,5.00112E+13,11892,11445
1004,5.00112E+13,1310,1240
1005,5.00112E+13,1208,1132
1006,5.00112E+13,13590,12320
1007,5.00112E+13,8210,7490
1008,5.00112E+13,5312,4768
1009,5.00112E+13,3352,3116
1010,5.00112E+13,2347,2204
1011,5.00112E+13,7921,7286
1012,5.00112E+13,3813,3622
1013,5.00112E+13,7797,6998
1014,5.00112E+13,9850,8981
1015,5.00112E+13,8177,7448
1016,5.00112E+13,2516,2409
1017,5.00112E+13,6092,5574
1018,5.00112E+13,7781,6999
1019,5.00112E+13,14481,13382
1020,5.00112E+13,4350,4048
1021,5.00112E+13,5082,4725
1022,5.00112E+13,6303,5600
1023,5.00113E+13,10244,9410
1024,5.00113E+13,3255,2971
1025,5.00113E+13,4209,3839
1026,5.00113E+13,3959,3611
1027,5.00113E+13,1894,1673
1028,5.00113E+13,1451,1390
1029,5.00113E+13,1163,954
1030,5.00113E+13,1964,1696
1031,5.00113E+13,1568,1400
1032,5.00113E+13,2022,1914
1033,5.00242E+13,850,783
1034,5.00242E+13,811,722
1035,5.00242E+13,1337,1190
1036,5.00242E+13,257,240
1037,5.00153E+13,12988,11505
1038,5.00153E+13,7420,6818
1039,5.00153E+13,3334,3112
1040,5.00153E+13,5404,5068
1041,5.00153E+13,1649,1612
1042,5.00153E+13,5252,4809
1043,5.00113E+13,6351,5748
1044,5.00113E+13,3960,3481
1045,5.00113E+13,1089,941
1046,5.00113E+13,9648,8971
1047,5.00113E+13,3579,3220
1048,5.00113E+13,6455,5889
1049,5.00113E+13,2602,2348
1050,5.00113E+13,4497,4102
1051,5.00113E+13,7036,5994
1052,5.00113E+13,4326,3902
1053,5.00113E+13,4695,4043
1054,5.00113E+13,1508,1376
1055,5.00113E+13,3381,3046
1056,5.00113E+13,2780,2372
1057,5.00113E+13,4669,4304
1058,5.00113E+13,4679,4030
1059,5.00113E+13,1734,1606
1060,5.00113E+13,2263,2169
1061,5.00113E+13,3635,3164
1062,5.00115E+13,5309,4730
1063,5.00115E+13,3952,3632
1064,5.00101E+13,1118,1024
1065,5.00101E+13,1316,1179
1066,5.00101E+13,882,812
1067,5.00101E+13,1608,1547
1068,5.00101E+13,669,626
1069,5.00101E+13,2681,2444
1070,5.00115E+13,1361,1300
1071,5.00115E+13,1962,1671
1072,5.00115E+13,1928,1837
1073,5.00115E+13,4045,3757
1074,5.00115E+13,635,569
1075,5.00115E+13,5648,5138
1076,5.00111E+13,2315,2180
1077,5.00114E+13,4185,3897
1078,5.00114E+13,560,544
1079,5.00114E+13,1743,1612
1080,5.00114E+13,4184,3730
1081,5.00114E+13,4661,4223
1082,5.00114E+13,3829,3547
1083,5.00114E+13,1015,972
1084,5.00237E+13,18,18
1085,5.00237E+13,715,593
1086,5.00237E+13,684,636
1087,5.00237E+13,471,438
1088,5.00237E+13,8389,7280
1089,5.00237E+13,1652,1494
1090,5.00237E+13,440,420
1091,5.00237E+13,360,326
1092,5.00102E+13,3979,3555
1093,5.00102E+13,7087,6162
1094,5.00102E+13,9418,8614
1095,5.00102E+13,1849,1714
1096,5.00102E+13,5406,4602
1097,5.00102E+13,4547,4202
1098,5.00102E+13,1194,1108
1099,5.00102E+13,7028,6263
1100,5.00102E+13,3391,3093
1101,5.00102E+13,3153,2949
1102,5.00102E+13,6606,5978
1103,5.00102E+13,6308,5572
1104,5.00102E+13,4833,4384
1105,5.0011E+13,1992,1849
1106,5.0011E+13,2827,2547
1107,5.0011E+13,1686,1552
1108,5.0011E+13,1065,962
1109,5.0011E+13,751,668
1110,5.0011E+13,4480,3956
1111,5.0011E+13,2392,2123
1112,5.0011E+13,3597,2747
1113,5.0011E+13,1904,1466
1114,5.0011E+13,4145,3292
1115,5.00238E+13,165,154
1116,5.00238E+13,2077,1614
1117,5.00238E+13,647,548
1118,5.00238E+13,341,303
1119,5.00238E+13,318,298
1120,5.00238E+13,1094,785
1121,5.0024E+13,1413,1315
1122,5.0024E+13,1355,1224
1123,5.0024E+13,617,484
1124,5.0024E+13,2725,2398
1125,5.0024E+13,5,5
1126,5.0024E+13,3157,2634
1127,5.0024E+13,2792,2492
1128,5.0024E+13,2555,2215
1129,5.0024E+13,821,724
1130,5.0024E+13,486,470
1131,5.00241E+13,2019,1808
1132,5.00241E+13,1954,1736
1133,5.00242E+13,463,403
1134,5.00242E+13,6,6
1135,5.00242E+13,69,69
1136,5.00242E+13,898,840
1137,5.00242E+13,3529,3264
1138,5.00242E+13,162,141
1139,5.00225E+13,781,706
1140,5.00242E+13,390,366
1141,5.00242E+13,2630,2180
1142,5.00242E+13,941,912
1143,5.00235E+13,2450,2273
1144,5.00236E+13,2786,2329
1145,5.00236E+13,3990,3472
1146,5.00236E+13,1649,1499
1147,5.00236E+13,3499,3103
1148,5.00236E+13,4007,3371
1149,5.00236E+13,1075,961
1150,5.00236E+13,4999,4496
1151,5.00236E+13,3030,2608
1152,5.00236E+13,13072,11981
1153,5.00236E+13,5552,4764
1154,5.00236E+13,1384,1196
1155,5.00236E+13,154,150
1156,5.00236E+13,3235,2747
1157,5.00236E+13,5478,4595
1158,5.00236E+13,1388,1268
1159,5.00236E+13,2113,1867
1161,5.00242E+13,3687,3340
1162,5.00236E+13,566,556
1163,5.00236E+13,2321,2129
1164,5.00236E+13,1397,1292
1165,5.00236E+13,665,614
1166,5.00236E+13,3306,2924
1167,5.00106E+13,10383,9318
1168,5.00236E+13,3132,2714
1169,5.00236E+13,3018,2531
1170,5.00236E+13,1847,1699
1171,5.00236E+13,3150,2782
1172,5.00236E+13,191,171
1173,5.00236E+13,4087,3767
1174,5.00236E+13,2790,2342
1175,5.00236E+13,474,410
1176,5.00236E+13,4286,3821
1177,5.00236E+13,438,417
1178,5.00236E+13,3879,3194
1179,5.00236E+13,2732,2437
1180,5.00236E+13,1489,1353
1181,5.00236E+13,6005,5617
1182,5.00236E+13,1358,1153
1183,5.00236E+13,202,191
1184,5.00236E+13,1109,1063
1185,5.00236E+13,1993,1833
1186,5.00236E+13,3256,2665
1187,5.00236E+13,355,315
1188,5.00236E+13,3965,3257
1189,5.00236E+13,1892,1719
1190,5.00236E+13,394,338
1191,5.00236E+13,1841,1621
1192,5.00237E+13,143,128
1193,5.00237E+13,1451,1239
1194,5.00237E+13,464,401
1195,5.00237E+13,253,228
1196,5.00237E+13,968,864
1197,5.00234E+13,939,767
1198,5.00234E+13,55,51
1199,5.00234E+13,2856,2538
1200,5.00234E+13,69,68
1201,5.00234E+13,1670,1546
1202,5.00234E+13,1564,1247
1203,5.00234E+13,1067,926
1204,5.00234E+13,1242,1143
1205,5.00234E+13,3922,3526
1206,5.00234E+13,850,662
1207,5.00234E+13,1893,1556
1208,5.00234E+13,146,137
1209,5.00234E+13,1437,1375
1210,5.00234E+13,2211,1905
1211,5.00234E+13,4412,3717
1212,5.00234E+13,647,584
1213,5.00234E+13,4349,4037
1214,5.00234E+13,1208,1196
1215,5.00234E+13,1349,1207
1216,5.00234E+13,7,7
1217,5.00234E+13,34,33
1218,5.00234E+13,1892,1672
1219,5.00234E+13,14,14
1220,5.00234E+13,45,44
1221,5.00234E+13,387,304
1222,5.00234E+13,3545,3176
1223,5.00234E+13,2216,1784
1224,5.00234E+13,396,380
1225,5.00234E+13,140,131
1226,5.00234E+13,132,105
1227,5.00234E+13,3500,3254
1228,5.00234E+13,1450,1347
1229,5.00234E+13,83,80
1230,5.00234E+13,1568,1438
1231,5.00234E+13,75,70
1232,5.00234E+13,367,319
1233,5.00234E+13,90,89
1234,5.00234E+13,42,41
1235,5.00234E+13,12,11
1236,5.00234E+13,1492,1394
1237,5.00234E+13,1359,1218
1238,5.00234E+13,168,136
1239,5.00234E+13,2471,2186
1240,5.00234E+13,42,41
1241,5.00234E+13,210,185
1242,5.00235E+13,1432,1293
1243,5.00235E+13,2555,2312
1244,5.00235E+13,691,615
1245,5.00235E+13,1797,1607
1246,5.00235E+13,194,191
1247,5.00235E+13,197,171
1248,5.00235E+13,1608,1364
1249,5.00235E+13,346,318
1250,5.00235E+13,421,398
1251,5.00235E+13,2846,2495
1252,5.00235E+13,2604,2423
1253,5.00235E+13,1357,1234
1254,5.00235E+13,2298,2116
1255,5.00235E+13,665,578
1256,5.00235E+13,880,780
1257,5.00235E+13,393,351
1258,5.00235E+13,229,209
1259,5.00235E+13,299,288
1260,5.00235E+13,2166,1990
1261,5.00235E+13,149,105
1262,5.00235E+13,1311,1205
1263,5.00235E+13,123,120
1264,5.00235E+13,843,673
1265,5.00235E+13,1204,1121
1266,5.00235E+13,1056,983
1267,5.00235E+13,669,601
1268,5.00235E+13,939,800
1269,5.00235E+13,607,564
1270,5.00235E+13,1287,1070
1271,5.00235E+13,269,261
1272,5.00235E+13,123,118
1273,5.00235E+13,1316,1173
1274,5.00235E+13,118,114
1275,5.00235E+13,399,294
1276,5.00235E+13,172,166
1277,5.00235E+13,640,586
1278,5.00235E+13,452,434
1279,5.00111E+13,5864,5444
1280,5.00111E+13,2351,2184
1281,5.00115E+13,4615,4276
1282,5.00115E+13,5255,4796
1283,5.00115E+13,399,392
1284,5.00115E+13,2879,2563
1285,5.00115E+13,875,770
1286,5.00114E+13,1898,1835
1287,5.00114E+13,1043,974
1288,5.00114E+13,2337,2148
1289,5.00114E+13,1364,1279
1290,5.00114E+13,3400,3135
1291,5.00114E+13,2964,2688
1292,5.00114E+13,265,249
1293,5.00114E+13,28,25
1294,5.00114E+13,648,506
1295,5.00114E+13,1800,1708
1296,5.00114E+13,239,220
1297,5.00114E+13,9,8
1298,5.00114E+13,98,93
1299,5.00114E+13,1943,1776
1300,5.00114E+13,3141,2847
1301,5.00114E+13,408,388
1302,5.00114E+13,2833,2581
1303,5.00114E+13,3805,3429
1304,5.00114E+13,2642,2415
1305,5.00114E+13,1543,1319
1306,5.00114E+13,5649,5058
1307,5.00115E+13,520,459
1308,5.00115E+13,3900,3578
1309,5.00115E+13,3924,3486
1310,5.00115E+13,530,492
1311,5.00115E+13,2504,2319
1312,5.00115E+13,4254,3878
1313,5.00115E+13,2917,2619
1314,5.00115E+13,1997,1601
1315,5.00115E+13,851,784
1316,5.00115E+13,416,399
1317,5.00115E+13,1761,1580
1318,5.00115E+13,911,872
1319,5.00101E+13,3308,3100
1320,5.00101E+13,1745,1618
1321,5.00101E+13,3894,3467
1322,5.00101E+13,2318,2064
1323,5.00101E+13,4884,4217
1324,5.00101E+13,1737,1611
1325,5.00101E+13,3060,2539
1326,5.00101E+13,6591,6056
1327,5.00101E+13,1694,1500
1328,5.00101E+13,2698,2342
1329,5.00101E+13,3027,2761
1330,5.00101E+13,1003,928
1331,5.00101E+13,4370,3713
1332,5.00101E+13,1805,1643
1333,5.00101E+13,2018,1830
1334,5.00101E+13,8495,7177
1335,5.00101E+13,1249,993
1336,5.00101E+13,1358,1305
1337,5.00101E+13,1641,1565
1338,5.00101E+13,1498,1384
1339,5.00101E+13,1021,909
1340,5.00101E+13,7638,6645
1341,5.00101E+13,1415,1147
1342,5.00101E+13,2006,1679
1343,5.00101E+13,1524,1247
1344,5.00101E+13,1556,1407
1345,5.00101E+13,1467,1372
1346,5.00101E+13,3836,3311
1347,5.00101E+13,1340,1143
1348,5.00101E+13,3364,3022
1349,5.00101E+13,5108,4612
1350,5.00101E+13,2559,2313
1351,5.00101E+13,2202,1956
1352,5.00101E+13,3903,3539
1353,5.00101E+13,1508,1304
1354,5.00101E+13,1517,1417
1355,5.00101E+13,168,150
1356,5.00101E+13,2671,2108
1357,5.00101E+13,2691,2397
1358,5.00101E+13,3379,3165
1359,5.00101E+13,1760,1588
1360,5.00101E+13,1630,1501
1361,5.00101E+13,1054,997
1362,5.00101E+13,2839,2576
1363,5.00101E+13,3496,3081
1364,5.00101E+13,299,291
1365,5.00101E+13,2172,1985
1366,5.00101E+13,1751,1551
1367,5.00101E+13,4837,4281
1368,5.00101E+13,906,784
1369,5.00101E+13,3501,3207
1370,5.00101E+13,10,10
1371,5.00101E+13,3314,3027
1372,5.00101E+13,407,394
1373,5.00101E+13,2259,2222
1374,5.00101E+13,1,1
1375,5.00101E+13,4736,4285
1376,5.00101E+13,1102,873
1377,5.00101E+13,2106,2021
1378,5.00101E+13,2874,2516
1379,5.00101E+13,3262,2831
1380,5.00101E+13,5412,4579
1381,5.00101E+13,1639,1496
1382,5.00101E+13,603,550
1383,5.00101E+13,972,751
1384,5.00101E+13,1907,1788
1385,5.00101E+13,2721,2380
1386,5.00101E+13,3342,2803
1388,5.00101E+13,536,417
1389,5.00101E+13,1682,1573
1390,5.00235E+13,738,666
1391,5.00108E+13,9116,8520
1392,5.00118E+13,5303,4799
1393,5.00118E+13,1486,1314
1394,5.00118E+13,1213,1193
1395,5.00228E+13,343,335
1396,5.00228E+13,758,706
1397,5.00228E+13,1541,1369
1398,5.00229E+13,2050,1745
1399,5.00229E+13,812,769
1400,5.00229E+13,3803,3223
1401,5.00229E+13,2316,1924
1402,5.00229E+13,2498,2186
1403,5.00229E+13,3084,2800
1404,5.00229E+13,8523,6784
1405,5.00229E+13,2918,2639
1406,5.00229E+13,97,95
1407,5.00229E+13,1116,957
1408,5.0023E+13,885,863
1409,5.0023E+13,1752,1606
1410,5.0023E+13,92,88
1411,5.0023E+13,1240,1188
1412,5.0023E+13,2664,2484
1413,5.0023E+13,471,419
1414,5.0023E+13,1329,1181
1415,5.0023E+13,610,559
1416,5.0023E+13,866,758
1417,5.00242E+13,177,166
1418,5.00242E+13,173,168
1419,5.00242E+13,480,408
1420,5.00242E+13,848,781
1421,5.00242E+13,561,501
1422,5.00242E+13,227,194
1423,5.00243E+13,255,234
1424,5.00243E+13,1088,1025
1425,5.00243E+13,2081,1931
1426,5.00243E+13,1949,1752
1427,5.00243E+13,1077,991
1428,5.00243E+13,1896,1671
1429,5.00243E+13,289,240
1430,5.00243E+13,2393,2173
1431,5.00243E+13,1156,1086
1432,5.00118E+13,5332,4911
1433,5.00119E+13,1609,1413
1434,5.00119E+13,433,422
1435,5.00119E+13,2414,2240
1436,5.00119E+13,972,923
1437,5.00119E+13,2897,2583
1438,5.00119E+13,3191,2817
1439,5.00119E+13,784,749
1440,5.00119E+13,2418,2260
1441,5.00119E+13,798,762
1442,5.00119E+13,1365,1220
1443,5.00118E+13,2452,2159
1444,5.00118E+13,4531,4126
1445,5.00118E+13,10869,9325
1446,5.00118E+13,2088,1938
1447,5.00118E+13,4367,3763
1448,5.00118E+13,3480,3073
1449,5.00118E+13,2910,2599
1450,5.00118E+13,10897,9674
1451,5.00118E+13,6940,6171
1452,5.00118E+13,1580,1193
1453,5.00118E+13,1210,973
1454,5.00118E+13,2936,2646
1455,5.00118E+13,14597,13380
1456,5.00118E+13,2939,2675
1457,5.00118E+13,6773,6069
1458,5.00118E+13,7511,6825
1459,5.00101E+13,179,175
1460,5.00101E+13,4297,3844
1461,5.00101E+13,4332,4012
1462,5.00101E+13,821,769
1463,5.00101E+13,9694,8818
1464,5.00102E+13,10236,9294
1465,5.00102E+13,2252,2047
1466,5.00102E+13,3136,2793
1467,5.00102E+13,2073,1870
1468,5.00102E+13,1056,940
1469,5.00102E+13,3038,2689
1470,5.00102E+13,2059,1899
1471,5.00102E+13,2110,1914
1472,5.00102E+13,2847,2637
1473,5.00102E+13,1280,1133
1474,5.00102E+13,924,910
1475,5.00102E+13,1075,950
1476,5.00102E+13,2783,2652
1477,5.00102E+13,7826,6579
1478,5.00102E+13,1492,1430
1479,5.00102E+13,15799,14080
1480,5.00102E+13,2723,2526
1481,5.00102E+13,2676,2474
1482,5.00102E+13,1259,1168
1483,5.00102E+13,1238,1168
1484,5.00102E+13,3541,3235
1485,5.00102E+13,2841,2361
1486,5.00102E+13,108,106
1487,5.00102E+13,1148,1125
1488,5.00102E+13,2478,2295
1489,5.00102E+13,929,867
1490,5.00102E+13,6570,5646
1491,5.00101E+13,1781,1619
1492,5.00101E+13,3266,2975
1493,5.00101E+13,998,941
1494,5.00101E+13,607,531
1495,5.00101E+13,1667,1382
1496,5.00101E+13,2479,2083
1497,5.00101E+13,3900,3574
1498,5.00101E+13,1791,1636
1499,5.00101E+13,3367,2953
1500,5.00101E+13,558,523
1501,5.00101E+13,3227,3024
1502,5.00101E+13,2126,1906
1503,5.00101E+13,1695,1570
1504,5.00101E+13,2204,2095
1505,5.00101E+13,907,838
1506,5.00101E+13,4230,3724
1507,5.00101E+13,8,8
1508,5.00101E+13,4155,3631
1509,5.00101E+13,172,169
1510,5.00102E+13,4997,4292
1511,5.00102E+13,715,626
1512,5.00102E+13,3628,3139
1513,5.00231E+13,1887,1783
1514,5.00153E+13,11851,10944
1516,5.00242E+13,3016,2746
1517,5.00153E+13,7533,6960
1518,5.00227E+13,869,844
1519,5.00112E+13,7329,6720
1520,5.00242E+13,284,241
1521,5.00114E+13,282,271
1522,5.00243E+13,268,262
1523,5.0011E+13,4500,3379
1524,5.0011E+13,1579,1411
1525,5.0011E+13,3515,3038
1526,5.0011E+13,2620,2178
1527,5.0011E+13,7,7
1528,5.00111E+13,2872,2705
1529,5.00101E+13,1911,1778
1530,5.00101E+13,1051,1027
1531,5.00101E+13,3792,3275
1532,5.00101E+13,253,239
1533,5.00101E+13,4705,3935
1534,5.00101E+13,1737,1566
1535,5.00101E+13,1830,1688
1536,5.00101E+13,3387,3003
1537,5.00101E+13,2747,2528
1538,5.00101E+13,3092,2817
1539,5.00101E+13,1014,729
1540,5.00101E+13,2844,2606
1541,5.00101E+13,2056,1908
1542,5.00101E+13,2197,2028
1543,5.00101E+13,2281,2017
1544,5.00101E+13,2309,2123
1545,5.00101E+13,1189,1134
1546,5.00101E+13,2301,2032
1548,5.00101E+13,1148,1079
1549,5.00101E+13,2831,2486
1550,5.00101E+13,5736,4902
1551,5.00101E+13,5315,4876
1552,5.00101E+13,3949,3553
1553,5.00101E+13,441,437
1554,5.00101E+13,3262,2918
1555,5.00231E+13,2313,2224
1556,5.00231E+13,162,140
1557,5.00231E+13,2282,2186
1558,5.00231E+13,2052,1825
1559,5.00231E+13,1127,1046
1560,5.00231E+13,2657,2539
1561,5.00231E+13,1341,1246
1562,5.00231E+13,1291,1229
1563,5.00231E+13,903,863
1564,5.00231E+13,4004,3540
1565,5.00231E+13,4516,3945
1566,5.00231E+13,1267,1182
1567,5.00231E+13,603,595
1568,5.00116E+13,1485,1356
1569,5.00222E+13,244,234
1570,5.00222E+13,417,394
1571,5.00222E+13,118,113
1572,5.0023E+13,522,501
1573,5.0023E+13,156,156
1574,5.0023E+13,225,223
1575,5.0023E+13,5,5
1577,5.00231E+13,1126,1046
1578,5.00231E+13,2322,2041
1579,5.00231E+13,2506,2315
1580,5.00231E+13,1055,999
1581,5.00231E+13,4563,4043
1582,5.00231E+13,1126,1057
1583,5.00231E+13,1766,1539
1584,5.00231E+13,76,74
1585,5.00231E+13,1272,1042
1586,5.00231E+13,1384,1295
1587,5.00116E+13,7921,6871
1588,5.00116E+13,851,817
1589,5.00116E+13,1920,1707
1590,5.00116E+13,2890,2636
1591,5.00116E+13,2455,2251
1592,5.00116E+13,2775,2514
1593,5.00116E+13,4767,4398
1594,5.00116E+13,174,172
1595,5.00116E+13,2410,2258
1596,5.00116E+13,3193,2829
1597,5.00116E+13,1068,963
1598,5.00116E+13,213,208
1599,5.00116E+13,13769,12281
1600,5.00116E+13,3934,3639
1601,5.00116E+13,1022,957
1602,5.00116E+13,5833,5040
1603,5.00116E+13,3587,3173
1604,5.00116E+13,7454,6848
1605,5.00116E+13,2409,2072
1606,5.00116E+13,2746,2425
1607,5.00116E+13,1989,1823
1608,5.00222E+13,1864,1602
1609,5.00222E+13,637,606
1610,5.00222E+13,692,663
1611,5.00222E+13,3114,2944
1612,5.00222E+13,1359,1082
1613,5.00222E+13,2555,2177
1614,5.00222E+13,4914,4457
1615,5.00222E+13,582,541
1616,5.00224E+13,1990,1791
1617,5.00224E+13,2764,2438
1618,5.00224E+13,1064,1005
1619,5.00224E+13,2124,1998
1620,5.00224E+13,7222,6205
1621,5.00224E+13,2089,1956
1622,5.00224E+13,3183,2882
1623,5.00224E+13,3167,2966
1624,5.00102E+13,4214,3823
1625,5.00102E+13,9102,8384
1626,5.00102E+13,6765,5925
1627,5.00102E+13,3839,3338
1628,5.00102E+13,4221,3715
1629,5.00102E+13,3603,3199
1630,5.00102E+13,4110,3753
1631,5.00102E+13,4593,4296
1632,5.00102E+13,1887,1719
1633,5.00102E+13,12129,10862
1634,5.00102E+13,370,346
1635,5.00102E+13,3119,2854
1636,5.00102E+13,16254,14198
1637,5.00102E+13,4014,3622
1638,5.00102E+13,10120,9365
1639,5.00102E+13,1030,989
1640,5.0023E+13,191,190
1641,5.0023E+13,119,116
1642,5.0023E+13,1515,1416
1643,5.0023E+13,433,417
1644,5.0023E+13,830,758
1645,5.0023E+13,705,641
1646,5.0023E+13,33,32
1647,5.0023E+13,3781,3502
1648,5.0023E+13,4949,4809
1649,5.0023E+13,16,16
1650,5.0023E+13,75,71
1651,5.0023E+13,232,218
1652,5.00115E+13,708,679
1653,5.00116E+13,5339,4863
1654,5.00116E+13,2621,2086
1655,5.00116E+13,4605,4172
1656,5.00116E+13,1975,1741
1657,5.00116E+13,5740,5023
1658,5.00116E+13,345,339
1659,5.00116E+13,8091,7428
1660,5.00116E+13,316,271
1661,5.00116E+13,2275,2088
1662,5.00116E+13,6255,5597
1663,5.00116E+13,1263,1140
1664,5.00116E+13,948,895
1665,5.00116E+13,3823,3462
1666,5.00116E+13,1913,1790
1667,5.00116E+13,15501,14449
1668,5.00116E+13,2344,2073
1669,5.00116E+13,1711,1537
1670,5.00116E+13,4045,3562
1671,5.00222E+13,4333,4042
1672,5.00222E+13,1524,1345
1673,5.00222E+13,615,587
1674,5.00222E+13,6679,6165
1675,5.00222E+13,7535,6693
1676,5.00222E+13,696,653
1677,5.00222E+13,241,234
1678,5.00222E+13,2041,1876
1679,5.00222E+13,745,702
1680,5.00222E+13,3247,3012
1681,5.00222E+13,1876,1738
1682,5.00222E+13,8099,6877
1683,5.00222E+13,35,35
1684,5.00119E+13,1341,1234
1685,5.00119E+13,2097,1888
1686,5.00119E+13,2050,1863
1687,5.00119E+13,8940,7891
1688,5.00119E+13,1845,1616
1689,5.00119E+13,126,121
1690,5.00119E+13,620,585
1691,5.0023E+13,12,12
1692,5.0023E+13,893,782
1693,5.0023E+13,1324,1203
1694,5.0023E+13,200,185
1695,5.0023E+13,1604,1415
1696,5.0023E+13,82,80
1697,5.0023E+13,472,367
1698,5.0023E+13,998,872
1699,5.0023E+13,2501,2269
1700,5.0023E+13,1034,996
1701,5.0023E+13,4447,4006
1702,5.0023E+13,542,480
1703,5.0023E+13,1383,1308
1704,5.0023E+13,1717,1637
1705,5.0023E+13,1692,1516
1706,5.0023E+13,973,894
1707,5.0023E+13,1757,1670
1708,5.0023E+13,427,414
1709,5.0023E+13,1890,1672
1710,5.0023E+13,811,638
1711,5.0023E+13,926,903
1712,5.0023E+13,349,300
1713,5.00243E+13,1090,998
1714,5.00243E+13,4977,4495
1715,5.00243E+13,23,23
1716,5.00243E+13,45,44
1717,5.00243E+13,386,332
1718,5.00243E+13,272,234
1719,5.00243E+13,400,340
1720,5.00243E+13,255,240
1721,5.00243E+13,293,281
1722,5.00115E+13,3261,2919
1723,5.00115E+13,162,150
1724,5.00115E+13,3300,3021
1725,5.00115E+13,6693,6199
1726,5.00119E+13,3537,3112
1727,5.00119E+13,1770,1587
1728,5.00222E+13,1676,1241
1729,5.00222E+13,1275,1152
1730,5.00222E+13,672,604
1731,5.00222E+13,3121,2860
1732,5.00222E+13,4903,4377
1733,5.00222E+13,3123,2717
1734,5.00222E+13,1490,1312
1735,5.00222E+13,158,156
1736,5.00222E+13,1801,1559
1737,5.00222E+13,773,648
1738,5.0023E+13,1658,1573
1739,5.0023E+13,1250,1076
1740,5.0023E+13,410,375
1741,5.0023E+13,505,491
1742,5.0023E+13,1178,1066
1743,5.00222E+13,811,777
1744,5.00222E+13,4333,4005
1745,5.00222E+13,560,529
1746,5.00222E+13,1039,825
1747,5.00223E+13,2685,2427
1748,5.00223E+13,995,918
1749,5.00231E+13,862,755
1750,5.00231E+13,327,307
1751,5.00231E+13,1415,1334
1752,5.00231E+13,2691,2601
1753,5.00231E+13,316,232
1754,5.00231E+13,236,226
1755,5.00116E+13,1980,1801
1756,5.00116E+13,3740,3478
1757,5.00116E+13,5437,4684
1758,5.00116E+13,611,580
1759,5.00116E+13,4248,3909
1760,5.00116E+13,561,528
1761,5.00116E+13,1418,1282
1762,5.00116E+13,7121,6421
1763,5.00116E+13,163,153
1764,5.00116E+13,253,240
1765,5.00116E+13,599,585
1766,5.00116E+13,1038,916
1767,5.00116E+13,621,573
1768,5.00116E+13,1537,1468
1769,5.00116E+13,612,496
1770,5.00116E+13,2564,2337
1771,5.00116E+13,2097,1829
1772,5.00116E+13,127,127
1773,5.00116E+13,1954,1797
1774,5.00116E+13,3807,3445
1775,5.00116E+13,6692,6142
1776,5.00223E+13,1946,1684
1777,5.00223E+13,741,532
1778,5.00223E+13,1790,1588
1779,5.00223E+13,694,544
1780,5.00223E+13,4691,3936
1781,5.00223E+13,2043,1877
1782,5.00223E+13,391,366
1783,5.00223E+13,28,27
1784,5.00223E+13,658,589
1785,5.00223E+13,1326,1028
1786,5.00223E+13,1788,1621
1787,5.00223E+13,2090,1944
1788,5.00223E+13,3360,3147
1789,5.00223E+13,1068,975
1790,5.00223E+13,2740,2522
1791,5.00223E+13,2574,2123
1792,5.00223E+13,5653,4663
1793,5.00223E+13,1355,1159
1794,5.00223E+13,1203,1021
1795,5.00223E+13,4507,4133
1796,5.00223E+13,391,379
1797,5.00223E+13,881,778
1798,5.00223E+13,251,240
1799,5.00231E+13,923,852
1800,5.00231E+13,1266,1145
1801,5.00232E+13,223,211
1802,5.00232E+13,5746,4907
1803,5.00232E+13,6650,5843
1804,5.00232E+13,1105,1024
1805,5.00232E+13,341,320
1806,5.00232E+13,323,297
1807,5.00232E+13,511,462
1808,5.00232E+13,5175,4594
1809,5.00232E+13,6147,5220
1810,5.00232E+13,2478,1630
1811,5.00232E+13,1922,1704
1812,5.00231E+13,3026,2563
1813,5.00231E+13,1110,1038
1814,5.00231E+13,1137,1117
1815,5.00231E+13,2212,2016
1816,5.00231E+13,266,254
1817,5.00117E+13,6273,5510
1818,5.00117E+13,15189,14440
1819,5.00117E+13,3719,3449
1820,5.00117E+13,731,651
1821,5.00117E+13,2067,1368
1822,5.00117E+13,3148,2795
1823,5.00117E+13,6091,5436
1824,5.00117E+13,3505,3114
1825,5.00117E+13,670,582
1826,5.00228E+13,1293,1175
1827,5.00228E+13,1703,1411
1828,5.00228E+13,2219,1989
1829,5.00118E+13,7052,6073
1830,5.00118E+13,3282,2802
1831,5.00118E+13,5784,5334
1832,5.00118E+13,503,445
1833,5.00118E+13,4702,4191
1834,5.00118E+13,3018,2774
1835,5.00118E+13,1661,1480
1836,5.00118E+13,4127,3712
1837,5.00118E+13,1931,1715
1838,5.00118E+13,17389,15351
1839,5.00118E+13,531,466
1840,5.00118E+13,1186,1028
1841,5.00117E+13,1910,1716
1842,5.00117E+13,1398,1292
1843,5.00224E+13,1161,952
1844,5.00224E+13,836,766
1845,5.00224E+13,521,437
1846,5.00224E+13,1341,1156
1847,5.00224E+13,3673,3143
1848,5.00224E+13,756,691
1849,5.00225E+13,981,825
1850,5.00225E+13,3754,3499
1851,5.00225E+13,4504,4108
1852,5.00225E+13,3071,2658
1853,5.00225E+13,4247,3896
1854,5.00225E+13,241,236
1855,5.00225E+13,4560,4082
1856,5.00118E+13,7641,6685
1857,5.00118E+13,6059,5314
1858,5.00118E+13,6789,6223
1859,5.00118E+13,4412,4097
1860,5.00118E+13,423,399
1861,5.00228E+13,2886,2500
1862,5.00228E+13,866,809
1863,5.00228E+13,2954,2515
1864,5.00228E+13,2835,2595
1865,5.00228E+13,2965,2773
1866,5.00228E+13,802,723
1867,5.00228E+13,2497,2320
1868,5.00228E+13,106,104
1869,5.00228E+13,2711,2546
1870,5.00228E+13,80,79
1871,5.00228E+13,27,27
1872,5.00228E+13,629,524
1873,5.00228E+13,472,409
1874,5.00225E+13,4136,3768
1875,5.00225E+13,4616,4356
1876,5.00225E+13,4479,4262
1877,5.00225E+13,926,875
1878,5.00225E+13,5873,5054
1879,5.00225E+13,1614,1455
1880,5.00103E+13,4749,4276
1881,5.00117E+13,1046,987
1882,5.00117E+13,2645,2289
1883,5.00117E+13,227,219
1884,5.00117E+13,3931,3423
1885,5.00117E+13,9082,8180
1886,5.00117E+13,688,664
1887,5.00117E+13,708,665
1888,5.00225E+13,377,367
1889,5.00225E+13,5787,5216
1890,5.00225E+13,506,412
1891,5.00107E+13,13653,12086
1892,5.00107E+13,3605,3315
1893,5.00107E+13,5662,4815
1894,5.00107E+13,5464,4703
1895,5.00107E+13,1529,1471
1896,5.00107E+13,7525,6502
1897,5.00107E+13,8943,8008
1898,5.00107E+13,11915,10890
1899,5.00107E+13,11245,9950
1900,5.00107E+13,11133,9930
1901,5.00107E+13,4669,4151
1902,5.00107E+13,9579,8681
1903,5.00107E+13,5446,4685
1904,5.00107E+13,4799,4359
1905,5.00107E+13,6862,6453
1906,5.00112E+13,2868,1723
1907,5.00107E+13,2081,1853
1908,5.00107E+13,10292,9055
1909,5.00225E+13,361,361
1910,5.00225E+13,1487,1372
1911,5.00225E+13,836,818
1912,5.00225E+13,1470,1326
1913,5.00225E+13,3213,2968
1914,5.00225E+13,1707,1553
1915,5.00225E+13,1050,882
1916,5.00225E+13,1730,1558
1917,5.00225E+13,3770,3384
1918,5.00225E+13,1512,1233
1919,5.00117E+13,7456,6774
1920,5.00117E+13,1798,1623
1921,5.00117E+13,4354,3943
1922,5.00117E+13,463,438
1923,5.00117E+13,9679,8934
1924,5.00117E+13,9718,8839
1925,5.00117E+13,590,560
1926,5.00107E+13,4176,3721
1927,5.00107E+13,8012,7257
1928,5.00107E+13,7110,6406
1929,5.00107E+13,9252,8366
1930,5.00107E+13,7266,6565
1931,5.00107E+13,5674,5180
1932,5.00107E+13,8079,7423
1933,5.00107E+13,7760,7217
1934,5.00107E+13,6764,5894
1935,5.00107E+13,8169,7310
1936,5.00107E+13,10383,9483
1937,5.00107E+13,10388,9282
1938,5.00107E+13,6120,5524
1939,5.00107E+13,9308,8322
1940,5.00107E+13,11509,10456
1941,5.00107E+13,8894,8041
1942,5.00107E+13,3597,3354
1943,5.00107E+13,2688,2208
1944,5.00107E+13,8198,6723
1945,5.00117E+13,2260,1960
1946,5.00117E+13,6366,6013
1947,5.00117E+13,1043,921
1948,5.00117E+13,3194,2880
1949,5.00117E+13,986,869
1950,5.00117E+13,463,440
1951,5.00117E+13,3332,2875
1952,5.00117E+13,59,57
1953,5.00117E+13,89,81
1954,5.00117E+13,821,767
1955,5.00117E+13,1346,1170
1956,5.00225E+13,5681,4783
1957,5.00225E+13,2473,2099
1958,5.00225E+13,1847,1663
1959,5.00226E+13,4081,3874
1960,5.00226E+13,4278,3976
1961,5.00231E+13,2843,2546
1962,5.00107E+13,3592,3169
1963,5.00107E+13,2423,2046
1964,5.00107E+13,5608,5081
1965,5.00107E+13,16847,14941
1966,5.00107E+13,18807,16931
1967,5.00242E+13,578,504
1968,5.00242E+13,865,658
1969,5.00242E+13,4838,4476
1970,5.00242E+13,54,54
1971,5.00232E+13,2952,2556
1972,5.00118E+13,9553,8346
1973,5.00111E+13,2158,2026
1974,5.00226E+13,2685,2328
1975,5.00226E+13,5117,4666
1976,5.00226E+13,1260,1147
1977,5.00226E+13,3257,2843
1978,5.00226E+13,2252,2084
1979,5.00226E+13,2398,2121
1980,5.00226E+13,5818,5001
1981,5.00226E+13,3938,3498
1982,5.00226E+13,6540,5694
1983,5.00226E+13,9819,8233
1984,5.00226E+13,4834,4314
1985,5.00226E+13,8418,7467
1986,5.00226E+13,4453,3828
1987,5.00226E+13,2660,2331
1988,5.00226E+13,2901,2697
1989,5.00226E+13,1222,1200
1990,5.00117E+13,1358,1261
1991,5.00117E+13,352,318
1992,5.00117E+13,8285,7562
1993,5.00117E+13,23762,21278
1994,5.00117E+13,132,126
1995,5.00117E+13,791,631
1996,5.00117E+13,9085,8490
1997,5.00228E+13,526,499
1998,5.00228E+13,3395,3061
1999,5.00228E+13,535,484
2000,5.00228E+13,612,555
2001,5.00228E+13,316,281
2002,5.00228E+13,847,717
2003,5.00228E+13,765,685
2004,5.00228E+13,2242,1904
2005,5.00228E+13,2262,1933
2006,5.00228E+13,541,494
2007,5.00228E+13,1340,1197
2008,5.00228E+13,4125,3814
2009,5.00228E+13,2466,2062
2010,5.00242E+13,1224,1144
2011,5.00107E+13,3956,3612
2012,5.00107E+13,24035,21263
2013,5.00107E+13,13402,12023
2014,5.00107E+13,13084,12012
2015,5.00107E+13,7199,6208
2016,5.00107E+13,5423,5002
2017,5.00117E+13,2022,1843
2018,5.00117E+13,4955,4522
2019,5.00117E+13,3988,3485
2020,5.00117E+13,263,250
2021,5.00117E+13,2572,2231
2022,5.00117E+13,9450,8533
2023,5.00225E+13,1788,1614
2024,5.00225E+13,3108,2790
2025,5.00225E+13,1420,1251
2026,5.00225E+13,998,949
2027,5.00225E+13,4620,4177
2028,5.00225E+13,1988,1870
2029,5.00225E+13,3351,2972
2030,5.00224E+13,2788,2607
2031,5.00224E+13,2784,2522
2032,5.00224E+13,919,822
2033,5.00224E+13,3540,3197
2034,5.00224E+13,3375,3139
2035,5.00224E+13,2742,2494
2036,5.00224E+13,182,178
2037,5.00224E+13,5888,5030
2038,5.00224E+13,3498,3018
2039,5.00224E+13,4427,3824
2040,5.00224E+13,1362,1160
2041,5.00117E+13,1772,1626
2042,5.00227E+13,249,247
2043,5.00227E+13,5770,5234
2044,5.00227E+13,3517,3089
2045,5.00227E+13,2939,2738
2046,5.00227E+13,2115,1877
2047,5.00227E+13,4124,3730
2048,5.00227E+13,2672,2458
2049,5.00227E+13,4502,3889
2050,5.00227E+13,8396,7653
2051,5.00227E+13,8045,7163
2052,5.00227E+13,3222,2580
2053,5.00228E+13,1183,1102
2054,5.00228E+13,363,349
2055,5.00228E+13,2777,2608
2056,5.00228E+13,91,79
2057,5.00228E+13,840,675
2058,5.00117E+13,7863,6616
2059,5.00117E+13,4075,3600
2060,5.00117E+13,3299,2942
2061,5.00117E+13,1630,1606
2062,5.00117E+13,1013,960
2063,5.00117E+13,193,190
2064,5.00117E+13,102,101
2065,5.00118E+13,2169,1944
2066,5.00118E+13,2122,1938
2067,5.00118E+13,1733,1608
2068,5.00118E+13,1772,1429
2069,5.00118E+13,10810,9922
2070,5.00227E+13,14289,13225
2071,5.00105E+13,3231,2986
2072,5.00103E+13,4991,4360
2073,5.00105E+13,12708,11321
2074,5.00105E+13,3312,3167
2075,5.00103E+13,10132,9295
2076,5.00103E+13,10052,9038
2077,5.00109E+13,1218,1134
2078,5.00105E+13,10581,10232
2079,5.00105E+13,7835,7100
2080,5.00109E+13,14359,12529
2081,5.00109E+13,4604,4220
2082,5.00107E+13,8466,7659
2083,5.00108E+13,16122,14782
2084,5.00108E+13,14902,14068
2085,5.00107E+13,7453,6469
2086,5.00108E+13,3422,3197
2087,5.00108E+13,13887,12690
2088,5.00107E+13,3073,2810
2089,5.00106E+13,14662,13258
2090,5.00106E+13,5692,5407
2091,5.00107E+13,12497,11450
2092,5.00107E+13,5967,5409
2093,5.00113E+13,146,143
2094,5.00107E+13,4474,3571
2095,5.00106E+13,4896,4537
2096,5.00113E+13,5500,5139
2097,5.00113E+13,2455,2190
2098,5.00106E+13,7246,6722
2099,5.00106E+13,3144,2861
2100,5.00153E+13,9803,9759
2101,5.00233E+13,6232,5714
2102,5.00112E+13,7712,6942
2103,5.00241E+13,769,685
2104,5.00238E+13,224,205
2105,5.00238E+13,425,381
2106,5.00242E+13,126,120
2107,5.00237E+13,280,254
2108,5.0011E+13,3526,2744
2109,5.00236E+13,1942,1664
2110,5.00236E+13,3153,2886
2111,5.00236E+13,559,532
2112,5.00234E+13,4423,3842
2113,5.00235E+13,302,288
2114,5.00114E+13,169,141
2115,5.00117E+13,14533,12949
2116,5.00117E+13,982,935
2117,5.00117E+13,609,573
2118,5.00117E+13,7165,6604
2119,5.00117E+13,5355,4887
2120,5.00117E+13,2059,1802
2121,5.00117E+13,46,46
2122,5.00117E+13,504,477
2123,5.00117E+13,6151,5249
2124,5.00117E+13,411,386
2125,5.00117E+13,3124,2729
2126,5.00117E+13,9100,7741
2127,5.00117E+13,32,32
2128,5.00226E+13,1384,1361
2129,5.00226E+13,6221,5521
2130,5.00226E+13,2841,2465
2131,5.00226E+13,6854,5823
2132,5.00226E+13,3121,2857
2133,5.00226E+13,3074,2715
2134,5.00226E+13,1658,1474
2135,5.00226E+13,4652,4431
2136,5.00226E+13,198,192
2137,5.00226E+13,3605,3083
2138,5.00226E+13,216,197
2139,5.00226E+13,3357,2961
2140,5.00226E+13,4302,3812
2141,5.00226E+13,7792,6627
2142,5.00226E+13,2090,1725
2143,5.00226E+13,2501,2014
2144,5.00226E+13,7793,6570
2145,5.00226E+13,3922,2820
2146,5.00226E+13,2307,2024
2147,5.00117E+13,19432,17969
2148,5.00117E+13,359,344
2149,5.00117E+13,790,735
2150,5.00117E+13,22729,20048
2151,5.00117E+13,2658,2275
2152,5.00117E+13,12089,10716
2153,5.00118E+13,3434,3184
2154,5.00118E+13,4791,4416
2155,5.00118E+13,14346,12671
2156,5.00118E+13,9265,8211
2157,5.00118E+13,1884,1757
2158,5.00118E+13,9846,8884
2159,5.00232E+13,3835,3221
2160,5.00232E+13,1074,964
2161,5.00232E+13,1381,1141
2162,5.00232E+13,952,909
2163,5.00232E+13,1458,1285
2164,5.00232E+13,497,431
2165,5.00116E+13,2005,1839
2166,5.00116E+13,1907,1711
2167,5.00116E+13,5238,4788
2168,5.00116E+13,1565,1428
2169,5.00116E+13,1049,917
2170,5.00116E+13,5923,5487
2172,5.00118E+13,1621,1505
2173,5.00118E+13,4118,3863
2174,5.00118E+13,3013,2745
2175,5.00118E+13,2462,2132
2176,5.00118E+13,3108,2784
2177,5.00118E+13,9272,8410
2178,5.00118E+13,9237,8166
2179,5.00118E+13,7513,6712
2180,5.00226E+13,963,848
2181,5.00226E+13,4060,3731
2182,5.00226E+13,2099,1853
2183,5.00226E+13,1466,1328
2184,5.00226E+13,2361,2153
2185,5.00226E+13,2833,2567
2186,5.00226E+13,2893,2727
2187,5.00226E+13,418,411
2188,5.00226E+13,5248,4494
2189,5.00226E+13,1698,1553
2190,5.00226E+13,3843,3509
2191,5.00226E+13,7608,6735
2192,5.00116E+13,890,794
2193,5.00116E+13,9974,9324
2194,5.00116E+13,425,406
2195,5.00116E+13,1222,1153
2196,5.00116E+13,11499,10228
2197,5.00116E+13,3036,2754
2198,5.00116E+13,7803,7015
2199,5.00116E+13,6633,5994
2200,5.00116E+13,2894,2665
2201,5.00116E+13,4005,3756
2202,5.00223E+13,485,439
2203,5.00223E+13,1789,1613
2204,5.00223E+13,451,416
2205,5.00223E+13,2177,1911
2206,5.00223E+13,4518,3446
2207,5.00223E+13,1691,1556
2208,5.00223E+13,1770,1672
2209,5.00226E+13,4467,3985
2210,5.00227E+13,1353,1244
2211,5.00227E+13,5285,4719
2212,5.00227E+13,2414,2145
2213,5.00227E+13,5366,4674
2214,5.00227E+13,4745,4260
2215,5.00227E+13,5597,5118
2216,5.00227E+13,2571,2333
2217,5.00227E+13,4942,4501
2218,5.00118E+13,1093,975
2219,5.00118E+13,8287,7750
2220,5.00118E+13,2028,1912
2221,5.00118E+13,1766,1638
2222,5.00118E+13,5781,5253
2223,5.00118E+13,78,76
2224,5.00118E+13,3711,3610
2225,5.00118E+13,6877,6067
2226,5.00118E+13,3098,2755
2227,5.00118E+13,4152,3841
2228,5.00118E+13,5486,4887
2229,5.00223E+13,971,762
2230,5.00223E+13,179,163
2231,5.00223E+13,363,334
2232,5.00223E+13,1040,943
2233,5.00224E+13,3603,3324
2234,5.00224E+13,7747,6870
2235,5.00224E+13,921,897
2236,5.00232E+13,5994,5172
2237,5.00232E+13,261,229
2238,5.00232E+13,691,663
2239,5.00232E+13,361,324
2240,5.00232E+13,534,460
2241,5.00233E+13,67,64
2242,5.00118E+13,4179,3688
2243,5.00118E+13,7908,7125
2244,5.00118E+13,5985,5451
2245,5.00118E+13,2475,2000
2246,5.00118E+13,3330,2698
2247,5.00118E+13,1265,1170
2248,5.00118E+13,1182,914
2249,5.00118E+13,7872,7222
2250,5.00118E+13,3131,2897
2251,5.00118E+13,4204,3749
2252,5.00118E+13,8384,7169
2253,5.00118E+13,1880,1790
2254,5.00227E+13,5166,4657
2255,5.00227E+13,3500,3325
2256,5.00227E+13,1878,1638
2257,5.00227E+13,539,502
2258,5.00227E+13,1441,1300
2259,5.00243E+13,1457,1399
2260,5.00235E+13,218,197
2262,5.00107E+13,2078,1982
2263,5.00236E+13,556,476
2264,5.0011E+13,2194,1916
2265,5.00116E+13,3825,3429
2266,5.00116E+13,855,695
2267,5.00116E+13,235,220
2268,5.00116E+13,5691,5200
2269,5.00116E+13,2896,2641
2270,5.00116E+13,8754,7985
2271,5.00117E+13,2215,2054
2272,5.00227E+13,770,686
2273,5.00227E+13,3419,3095
2274,5.00227E+13,2736,2543
2275,5.00227E+13,3091,2880
2276,5.00227E+13,1885,1703
2277,5.00227E+13,3207,2967
2278,5.00227E+13,1817,1629
2279,5.00227E+13,1430,1304
2280,5.00227E+13,3058,2724
2281,5.00227E+13,700,638
2282,5.00227E+13,3207,2825
2283,5.00227E+13,3110,2753
2284,5.00227E+13,1062,876
2285,5.00118E+13,3364,2911
2286,5.00118E+13,6184,5618
2287,5.00118E+13,4000,3569
2288,5.00117E+13,4513,4114
2289,5.00117E+13,3061,2747
2290,5.00117E+13,15818,13865
2291,5.00117E+13,4319,4062
2292,5.00117E+13,1291,969
2293,5.00117E+13,3337,2777
2294,5.00117E+13,985,845
2295,5.00117E+13,312,287
2296,5.00117E+13,391,357
2297,5.00117E+13,1092,851
2298,5.00117E+13,2434,2023
2299,5.00117E+13,3882,3705
2300,5.00224E+13,1449,1242
2301,5.00224E+13,1814,1715
2302,5.00224E+13,1079,1012
2303,5.00118E+13,3426,3139
2304,5.00118E+13,3404,3059
2305,5.00118E+13,7214,6542
2306,5.00118E+13,2667,2470
2307,5.00118E+13,3350,3145
2308,5.00118E+13,657,627
2309,5.00118E+13,1755,1586
2310,5.00115E+13,2115,1880
2311,5.00101E+13,1725,1577
2312,5.00101E+13,613,565
2313,5.00101E+13,2813,2604
2314,5.00242E+13,1753,1089
2315,5.00242E+13,483,442
2316,5.00118E+13,685,645
2317,5.00102E+13,2582,2312
2318,5.00227E+13,2649,2430
2319,5.00101E+13,2625,2436
2320,5.00101E+13,2667,2474
2321,5.00116E+13,1321,1220
2322,5.00224E+13,4667,4148
2323,5.00224E+13,2305,2029
2324,5.0023E+13,1273,1094
2325,5.00222E+13,6753,6363
2326,5.0023E+13,668,629
2327,5.00222E+13,798,685
2328,5.00116E+13,8088,7102
2329,5.00223E+13,1803,1628
2330,5.00232E+13,2994,2305
2331,5.00224E+13,2386,2167
2332,5.00117E+13,2,2
2333,5.00117E+13,795,721
2334,5.00225E+13,2084,1949
2335,5.00226E+13,2442,2109
2336,5.00117E+13,738,703
2337,5.00226E+13,4945,4183
2338,5.00226E+13,1637,1559
2339,5.00118E+13,1651,1549
2340,5.00227E+13,8574,7963
2341,5.00227E+13,2841,2584
2342,5.00118E+13,3961,3548
