ID,SITEID,lng,lat
1,50010510000040,106.488929,29.602083
2,50010510000043,106.550808,29.587238
3,50010510000044,106.609207,29.609128
4,50010510000045,106.580741,29.61691
5,50010510000046,106.538275,29.577077
6,50010510000048,106.538727,29.587331
7,50010510000049,106.496381,29.583907
8,50010510000050,106.46918,29.569437
9,50010510000051,106.530324,29.590497
10,50010510000052,106.484774,29.589275
11,50010510000053,106.713615,29.619318
12,50010510000054,106.485834,29.58671
13,50010510000056,106.535837,29.578951
14,50010510000057,106.503088,29.574069
15,50010510000058,106.653753,29.626325
16,50010510000060,106.565767,29.590358
17,50010510000061,106.543003,29.572391
18,50010510000062,106.496426,29.575327
19,50010510000063,106.532611,29.586079
20,50010510000064,106.536506,29.568164
21,50010510000065,106.767665,29.628813
22,50010510000066,106.538727,29.587331
23,50010510000067,106.529686,29.581309
24,50010510000069,106.538964,29.580443
25,50010510000070,106.560054,29.582411
26,50010510000071,106.713615,29.619318
27,50010510000072,106.76896,29.629966
28,50010510000073,106.525883,29.567685
29,50010510000074,106.536607,29.578744
30,50010510000075,106.544609,29.580694
31,50010510000076,106.49793,29.574696
32,50010510000078,106.538339,29.578363
33,50010510000080,106.76896,29.629966
34,50010510000081,106.56346,29.591489
35,50010510000082,106.539337,29.57524
36,50010510000083,106.713615,29.619318
37,50010510000085,106.487278,29.574163
38,50010510000087,106.543705,29.57776
39,50010510000090,106.558792,29.582406
40,50010510000092,106.713615,29.619318
41,50010510000093,106.53476,29.583821
42,50010510000095,106.667642,29.613772
43,50010510000099,106.713615,29.619318
44,50010510000100,106.469713,29.57077
45,50010510000101,106.580331,29.617963
46,50010510000102,106.66562,29.612243
47,50010510000104,106.533023,29.578834
48,50010510000105,106.534763,29.562017
49,50010510000106,106.532288,29.577392
50,50010510000107,106.575739,29.605594
51,50010510000108,106.693223,29.590519
52,50010510000110,106.687046,29.581095
53,50010510000111,106.547907,29.578752
54,50010510000112,106.53799,29.588964
55,50010310000136,106.559386,29.559703
56,50010310000139,106.564703,29.569134
57,50010310000140,106.555508,29.556424
58,50010310000141,106.523641,29.543564
59,50010310000144,106.531313,29.555419
60,50010310000150,106.526213,29.54651
61,50010310000152,106.583128,29.555946
62,50010310000157,106.556196,29.555553
63,50010310000162,106.575309,29.562821
64,50010310000163,106.517554,29.536215
65,50010310000174,106.521976,29.541863
66,50010310000180,106.560397,29.569269
67,50010310000181,106.576432,29.562282
68,50010310000226,106.585451,29.559489
69,50010310000228,106.566933,29.56189
70,50010410000040,106.496898,29.495405
71,50010410000042,106.488974,29.475414
72,50010410000044,106.493422,29.485359
73,50010410000049,106.502854,29.495375
74,50010410000051,106.486104,29.479997
75,50010410000052,106.4861,29.479998
76,50010410000053,106.489861,29.48479
77,50010410000055,106.491814,29.495342
78,50010510000001,106.537525,29.57594
79,50010510000002,106.562385,29.584263
80,50010310000184,106.552102,29.564998
81,50010310000185,106.523903,29.544944
82,50010310000186,106.594154,29.569513
83,50010310000187,106.549094,29.561201
84,50010310000188,106.537551,29.543972
85,50010310000195,106.564583,29.569311
86,50010310000198,106.576326,29.560343
87,50010310000202,106.558255,29.567705
88,50010310000207,106.552192,29.564769
89,50010310000213,106.56815,29.560679
90,50010310000214,106.581658,29.558778
91,50010310000215,106.57586,29.563207
92,50010310000217,106.537551,29.543972
93,50010310000220,106.578334,29.566924
94,50010510000139,106.469631,29.570565
95,50010510000140,106.497763,29.57436
96,50010510000142,106.490587,29.587875
97,50010510000143,106.490793,29.571837
98,50010510000145,106.713615,29.619318
99,50010310000235,106.581889,29.560105
100,50010310000237,106.584998,29.564185
101,50010310000239,106.560592,29.56607
102,50010310000246,106.523254,29.54739
103,50010310000247,106.512571,29.545401
104,50010310000249,106.568579,29.564653
105,50010310000272,106.589588,29.569162
106,50010410000001,106.488292,29.478548
107,50010410000003,106.48915,29.48141
108,50010410000010,106.479117,29.461448
109,50010410000011,106.496536,29.436599
110,50010410000015,106.48612,29.477631
111,50010410000017,106.490678,29.495674
112,50010410000019,106.508917,29.436948
113,50010410000025,106.49012,29.490009
114,50010410000030,106.477689,29.416312
115,50010410000031,106.481306,29.484926
116,50010410000032,106.487714,29.483129
117,50010410000035,106.485063,29.460774
118,50010410000038,106.484537,29.46504
119,50010310000002,106.555975,29.56042
120,50010310000004,106.555644,29.560195
121,50010310000007,106.580082,29.560647
122,50010310000009,106.578668,29.555052
123,50010310000011,106.557978,29.556022
124,50010310000012,106.56736,29.561854
125,50010310000013,106.586057,29.562266
126,50010310000020,106.550885,29.559164
127,50010310000021,106.567821,29.561637
128,50010310000024,106.556196,29.555553
129,50010310000025,106.584219,29.56337
130,50010510000113,106.582973,29.616122
131,50010510000114,106.538438,29.589462
132,50010510000115,106.541082,29.582737
133,50010510000116,106.534461,29.58742
134,50010510000117,106.530087,29.58768
135,50010510000118,106.548262,29.582436
136,50010510000119,106.534952,29.581435
137,50010510000120,106.54704,29.589327
138,50010510000121,106.551165,29.579435
139,50010510000123,106.534816,29.562836
140,50010510000125,106.799102,29.650848
141,50010510000126,106.535627,29.583296
142,50010510000128,106.563819,29.586063
143,50010510000130,106.497119,29.574042
144,50010510000131,106.561323,29.58642
145,50010510000132,106.53999,29.57781
146,50010510000133,106.531511,29.562972
147,50010510000134,106.542366,29.583468
148,50010510000136,106.538304,29.57806
149,50010510000137,106.65634,29.598658
150,50010510000138,106.540306,29.570947
151,50010310000028,106.551007,29.561806
152,50010310000029,106.553201,29.558241
153,50010810000082,106.582969,29.539318
154,50010810000083,106.56944,29.534468
155,50010810000084,106.610031,29.541007
156,50010810000085,106.557012,29.526182
157,50010810000086,106.565275,29.530821
158,50010810000087,106.564115,29.529238
159,50010810000088,106.575951,29.525501
160,50010810000089,106.601592,29.557362
161,50010810000090,106.575558,29.533055
162,50010810000091,106.581629,29.527554
163,50010810000096,106.567316,29.529747
164,50010810000099,106.667178,29.541515
165,50010810000100,106.572003,29.534618
166,50010810000101,106.564497,29.532705
167,50010810000102,106.58139,29.519783
168,50010810000104,106.667178,29.541515
169,50010810000105,106.608498,29.510449
170,50010810000106,106.686982,29.537473
171,50010810000107,106.608167,29.582229
172,50010810000108,106.551031,29.518669
173,50010810000109,106.566235,29.541463
174,50010810000110,106.578302,29.539864
175,50010810000111,106.578766,29.532937
176,50010810000113,106.607972,29.50589
177,50010810000114,106.667178,29.541515
178,50010810000117,106.607054,29.577515
179,50010810000118,106.571261,29.533401
180,50010810000119,106.581365,29.517995
181,50010810000120,106.582171,29.538481
182,50010810000014,106.666254,29.512704
183,50010810000015,106.598397,29.587488
184,50010810000016,106.577922,29.531305
185,50010810000017,106.671494,29.512264
186,50010810000020,106.572086,29.49876
187,50010810000022,106.569904,29.530545
188,50010810000025,106.581438,29.519784
189,50010810000026,106.606986,29.575257
190,50010810000027,106.574975,29.530919
191,50010810000028,106.600769,29.558045
193,50010810000030,106.612021,29.545993
194,50010810000032,106.56944,29.534468
195,50010810000033,106.672904,29.510531
196,50010810000034,106.648638,29.492595
197,50010810000035,106.584932,29.518629
198,50010810000036,106.567491,29.53266
199,50010810000039,106.600789,29.553865
200,50011210000001,106.63545,29.722203
201,50011210000002,106.645553,29.747432
202,50011210000003,106.517989,29.588149
203,50011210000004,106.641799,29.743672
204,50011210000005,107.1,30.1
205,50011210000006,106.632888,29.746623
206,50011210000008,106.50923,29.588973
207,50011210000009,106.526753,29.597748
208,50011210000010,106.643603,29.745505
209,50011210000011,106.536097,29.593955
210,50011210000013,106.641799,29.743672
211,50011210000014,106.630392,29.714392
212,50011210000015,106.613003,29.682224
213,50011210000016,106.527082,29.596016
214,50011210000017,106.628956,29.710361
215,50011210000018,106.644717,29.747042
216,50011210000020,106.528607,29.593502
217,50011210000021,106.523999,29.591313
218,50011210000023,106.612274,29.70805
219,50011210000025,106.628726,29.708371
220,50011210000026,106.627222,29.706707
221,50011210000028,106.526996,29.592365
222,50011210000029,106.508869,29.59518
223,50011210000030,106.616994,29.699981
224,50011210000031,106.553408,29.588847
225,50011210000034,106.621659,29.702972
226,50011210000036,106.613003,29.682224
227,50011210000037,106.649784,29.745895
228,50011210000038,106.522728,29.604798
229,50010510000146,106.490472,29.589494
230,50010510000149,106.540535,29.582668
231,50010510000151,106.532243,29.577414
232,50010510000152,106.546838,29.582496
233,50010510000154,106.538946,29.588153
234,50010310000030,106.522585,29.543271
235,50010310000034,106.586274,29.566597
236,50010310000038,106.587465,29.56819
237,50010310000041,106.589547,29.560769
238,50010310000043,106.574376,29.565057
239,50010310000045,106.57458,29.564208
240,50010310000046,106.576473,29.558481
241,50010310000054,106.53383,29.54723
242,50010310000055,106.512399,29.541719
243,50010310000068,106.579182,29.561044
244,50010310000071,106.523903,29.544944
245,50010310000072,106.578215,29.563706
246,50010310000074,106.520772,29.546809
247,50010310000099,106.59017,29.561039
248,50010310000102,106.556191,29.565459
249,50010310000104,106.512639,29.54229
250,50010310000107,106.562708,29.569698
251,50010310000109,106.554696,29.565001
252,50010310000112,106.589848,29.561204
253,50010310000114,106.518051,29.547421
254,50010310000121,106.585399,29.56703
255,50010310000125,106.522575,29.543991
256,50010310000126,106.502747,29.54067
257,50010310000129,106.519416,29.544994
258,50010910000104,106.47736,29.757289
259,50010910000105,106.455585,29.689098
260,50010910000106,106.430692,29.838307
261,50010910000107,106.468716,29.73527
262,50010910000114,106.441125,29.835195
263,50010910000115,106.441226,29.834315
264,50010910000116,106.440121,29.830551
265,50010910000121,106.446743,29.827013
266,50010910000122,106.443106,29.832473
267,50010910000126,106.444666,29.830897
268,50010910000127,106.481223,29.739097
269,50010910000129,106.431064,29.838307
270,50010910000130,106.428364,29.819548
271,50010910000135,106.505957,29.788426
272,50010910000136,106.44178,29.82074
273,50010910000140,106.500882,29.750591
274,50010910000146,106.379178,29.771286
275,50010910000149,106.444247,29.831097
276,50010910000151,106.559806,29.776433
277,50010910000152,106.42925,29.821865
278,50010910000155,106.378643,29.77189
279,50010910000156,106.409203,29.807377
280,50010910000160,106.670929,30.030376
281,50010910000161,106.446184,29.82809
282,50010910000162,106.471149,29.74547
283,50010910000166,106.3758,29.770212
284,50010910000172,106.441173,29.834001
285,50010910000174,106.409833,29.820296
286,50010910000175,106.508537,29.788827
287,50010910000176,106.432804,29.825171
288,50010910000177,106.39859,29.808577
290,50010910000183,106.452456,29.67277
291,50010910000185,106.446472,29.827178
292,50010510000004,106.482355,29.59637
293,50010510000006,106.550019,29.57893
294,50010510000007,106.538907,29.586515
295,50010510000008,106.543043,29.572691
296,50010510000009,106.534574,29.590706
297,50010510000010,106.49736,29.57521
298,50010510000013,106.547889,29.577372
299,50010510000014,106.568086,29.580039
300,50010510000015,106.561323,29.58642
301,50010510000016,106.639959,29.61683
302,50010510000017,106.533201,29.583205
303,50010510000019,106.548779,29.584013
304,50010510000020,106.552049,29.662558
305,50010510000023,106.494171,29.585646
306,50010510000024,106.767665,29.628813
307,50010510000025,106.488624,29.593033
308,50010510000026,106.564265,29.586312
309,50010510000028,106.537811,29.578624
310,50010510000029,106.536672,29.582994
311,50010510000030,106.545267,29.579714
312,50010510000031,106.531673,29.575042
313,50010510000032,106.545297,29.579414
314,50010510000033,106.534461,29.58742
315,50010510000034,106.587072,29.627076
316,50010510000035,106.474429,29.590811
317,50010510000036,106.541744,29.578279
318,50010510000037,106.543482,29.571278
319,50010510000038,106.652931,29.603546
320,50010910000034,106.442637,29.828045
321,50010910000036,106.392288,29.877312
322,50010910000038,106.442947,29.830823
323,50010910000042,106.450729,29.82996
324,50010910000044,106.502552,29.734802
325,50010910000049,106.441196,29.834585
326,50010910000050,106.670929,30.030376
327,50010910000053,106.448526,29.831696
328,50010910000054,106.572192,29.897784
329,50010910000056,106.448394,29.823838
330,50010910000062,106.42906,29.820927
331,50010910000063,106.440656,29.815665
332,50010910000064,106.413759,29.806278
333,50010910000065,106.443925,29.826227
334,50010910000067,106.430452,29.838354
335,50010910000068,106.410182,29.81418
336,50010910000071,106.508537,29.788827
337,50010910000073,106.446225,29.832348
338,50010910000074,106.441196,29.834535
339,50010910000080,106.480218,29.737903
340,50010910000081,106.522895,29.819772
341,50010910000082,106.508537,29.788827
342,50010910000084,106.430698,29.838364
343,50010910000087,106.398786,29.809628
344,50010910000096,106.410495,29.805705
345,50010910000097,106.439903,29.819343
346,50010910000098,106.383755,29.785899
347,50010910000100,106.611351,29.958383
348,50010910000102,106.430171,29.822154
349,50010910000103,106.574933,29.901352
350,50010710000281,106.320355,29.525043
351,50010710000282,106.451019,29.461671
352,50010710000283,106.386778,29.513828
353,50010810000001,106.574815,29.530606
354,50010810000002,106.644778,29.502854
355,50010810000003,106.587115,29.511136
356,50010810000005,106.601894,29.556657
357,50010810000007,106.59714,29.589038
358,50010810000009,106.581537,29.519466
359,50010810000010,106.579565,29.507162
360,50010810000041,106.608987,29.605391
361,50010810000043,106.564497,29.532705
362,50010810000044,106.6555,29.482309
363,50010810000045,106.610219,29.538749
364,50010810000047,106.556294,29.526676
365,50010810000049,106.572512,29.529902
366,50010810000050,106.597781,29.587322
367,50010810000052,106.581708,29.521046
368,50010810000053,106.577191,29.531792
369,50010810000055,106.575808,29.530528
370,50010810000056,106.587115,29.511136
371,50010810000058,106.607834,29.584046
372,50010810000059,106.60623,29.583889
373,50010810000060,106.556294,29.526676
374,50010810000061,106.567653,29.527459
375,50010810000062,106.57254,29.530635
376,50010810000063,106.575835,29.529493
377,50010810000064,106.574919,29.535221
378,50010810000066,106.564201,29.530528
379,50010810000067,106.619577,29.59132
380,50010810000068,106.609073,29.60761
381,50010810000069,106.585165,29.543042
382,50010810000070,106.601743,29.553189
383,50010810000071,106.581188,29.501284
384,50010810000072,106.573597,29.53572
385,50010810000075,106.574922,29.538492
386,50010810000076,106.574773,29.529781
387,50010810000077,106.581188,29.501284
388,50010810000078,106.574836,29.538287
389,50010810000079,106.601296,29.553887
390,50010810000081,106.579257,29.511756
391,50010710000066,106.549765,29.495752
392,50010710000068,106.508805,29.522412
393,50010710000070,106.508144,29.52144
394,50010710000074,106.36284,29.499851
395,50010710000076,106.525567,29.537758
396,50010710000079,106.520342,29.509816
397,50010710000080,106.495322,29.513101
398,50010710000083,106.548927,29.497039
399,50010710000084,106.452305,29.502131
400,50010710000085,106.516539,29.517971
401,50010710000087,106.45868,29.476013
402,50010710000090,106.479966,29.507913
403,50010710000091,106.452422,29.452438
404,50010710000093,106.37408,29.525247
405,50010710000098,106.332994,29.426535
406,50010710000099,106.392398,29.302119
407,50010710000103,106.371596,29.528703
408,50010710000107,106.449095,29.504581
409,50010710000108,106.378409,29.524129
410,50010710000110,106.458009,29.47892
411,50010710000112,107.2,30.2
412,50010710000113,106.511142,29.520944
413,50010710000114,106.492891,29.499465
414,50010710000116,106.439509,29.466708
415,50010710000122,106.445727,29.482056
416,50010710000124,106.448232,29.455581
417,50010710000126,106.377337,29.524027
418,50010710000129,106.50881,29.517981
419,50010710000132,106.521012,29.512654
420,50010710000134,106.523199,29.518132
421,50010710000137,106.517708,29.519552
422,50010710000138,106.48175,29.51025
423,50010710000139,106.439796,29.46722
424,50010710000140,106.516539,29.517971
425,50010710000141,106.521765,29.518745
426,50010810000121,106.681404,29.536002
427,50010810000122,106.568115,29.519136
428,50010810000123,106.61007,29.539026
429,50010810000125,106.576315,29.535142
430,50010810000126,106.60088,29.586318
431,50010810000127,106.61027,29.538893
432,50010810000134,106.595523,29.54941
433,50010810000135,106.57359,29.539111
434,50010810000136,106.578224,29.491126
435,50010810000137,106.531832,29.575575
436,50010810000141,106.594659,29.549126
437,50010810000148,106.587997,29.543872
438,50010810000149,106.58436,29.518867
439,50010810000150,106.679655,29.564075
440,50010810000151,106.579347,29.531086
441,50010810000152,106.600701,29.596027
442,50010810000156,106.608121,29.583002
444,50010810000158,106.648638,29.492595
445,50010810000159,106.608787,29.58168
446,50010810000160,106.644778,29.502854
447,50010810000161,106.57446,29.537205
448,50010810000162,106.568638,29.519279
449,50010810000163,106.567598,29.533011
450,50010810000164,106.579516,29.516339
451,50010810000165,106.57318,29.506635
452,50010810000166,106.619194,29.608599
453,50010810000167,106.610111,29.605987
454,50010810000168,106.583029,29.532134
455,50010810000170,106.598207,29.586681
456,50010810000172,106.590289,29.546867
457,50010810000173,107.3,30.3
458,50010810000179,106.572797,29.534255
459,50010810000183,106.560394,29.534756
460,50010810000184,106.558829,29.527255
461,50010810000187,106.577462,29.53252
462,50010810000188,106.581083,29.527816
463,50010810000192,106.569467,29.529397
464,50010810000193,106.587365,29.544921
465,50010810000194,106.667178,29.541515
466,50010810000195,106.57533,29.535278
467,50010810000196,106.576783,29.535496
468,50010910000003,106.368689,29.76208
469,50010910000005,106.447761,29.83656
470,50010910000006,106.520342,29.866596
471,50010910000007,106.476109,29.733421
472,50010910000009,106.470484,29.734228
473,50010910000014,106.432918,29.824954
474,50010910000016,106.448526,29.831696
475,50010910000017,106.447836,29.836579
476,50010910000019,106.443627,29.831265
477,50010910000028,106.559806,29.776433
478,50010910000031,106.414142,29.807815
479,50010710000013,106.319493,29.545263
480,50010710000015,106.370595,29.434566
481,50010710000018,106.495722,29.500366
482,50010710000019,106.523333,29.527181
483,50010710000020,106.376708,29.496067
485,50010710000030,106.532809,29.503394
486,50010710000031,106.510826,29.520297
487,50010710000032,106.544684,29.4908
488,50010710000034,106.51212,29.520752
489,50010710000035,106.531894,29.504369
490,50010710000231,106.519493,29.514253
491,50010710000232,106.332822,29.303315
492,50010710000233,106.454108,29.437699
493,50010710000235,106.333505,29.303349
494,50010710000237,106.456693,29.4394
495,50010710000238,106.452422,29.452438
496,50010710000243,106.457267,29.502444
497,50010710000244,106.441428,29.486244
498,50010710000245,106.522122,29.531825
499,50010710000249,106.480725,29.509866
500,50010710000254,106.40667,29.510509
501,50010710000255,106.380329,29.509753
502,50010710000256,106.514367,29.505276
503,50010710000257,106.340757,29.309896
504,50010710000258,106.532959,29.505006
505,50010710000259,106.379008,29.54501
506,50010610002002,106.454099,29.567892
507,50010610002003,106.460157,29.571354
508,50010610002004,106.465878,29.569822
509,50010610002005,106.465948,29.569781
510,50010610002006,106.445461,29.558154
511,50010610002007,106.475053,29.566524
512,50010610002008,106.547949,29.558616
513,50010610002009,106.309625,29.608938
514,50010610002010,106.467756,29.568495
515,50010610002011,106.467756,29.568495
516,50010610002012,106.38273,29.605393
517,50010610002013,106.471915,29.56812
518,50010610002014,106.472065,29.567988
519,50010610002017,106.475803,29.56603
520,50010610002018,106.475241,29.565616
521,50010610002020,106.38686,29.591882
522,50010610002021,106.47948,29.566935
523,50010510000155,106.512103,29.582468
524,50010510000156,106.713615,29.619318
525,50010510000157,106.538885,29.590309
526,50010510000168,106.535894,29.58508
527,50010610001001,106.382651,29.591635
528,50010610001002,106.384992,29.6026
529,50010610001005,106.453061,29.530251
530,50010610001006,106.382812,29.589748
531,50010610001007,106.425927,29.576926
532,50010610001008,106.479872,29.565939
533,50010610001009,106.449647,29.577146
534,50010610001010,106.449632,29.577232
535,50010610001016,106.298642,29.60147
536,50010610001017,106.456015,29.583801
537,50010610001018,106.453484,29.57996
538,50010710000142,106.333269,29.304325
539,50010710000143,106.529053,29.514225
540,50010710000144,106.332822,29.303315
541,50010710000145,106.449095,29.504581
542,50010710000147,106.356642,29.380042
543,50010710000149,106.457267,29.502444
544,50010710000150,106.337798,29.418527
545,50010710000154,106.451843,29.470456
546,50010710000157,106.487811,29.503127
547,50010710000159,106.534358,29.513451
548,50010710000160,106.451843,29.470456
549,50010710000161,106.514231,29.514253
550,50010710000162,106.376536,29.527193
551,50010710000166,106.404565,29.509022
552,50010710000168,106.523672,29.52285
553,50010710000170,106.52098,29.531429
554,50010710000171,106.375962,29.525973
555,50010710000174,106.375103,29.525837
556,50010710000175,106.508144,29.52144
557,50010710000176,106.379008,29.54501
558,50010610002026,106.467013,29.568896
559,50010610002030,106.454099,29.567892
560,50010610002032,106.466795,29.563966
561,50010610002033,106.464144,29.564817
562,50010610002035,106.464281,29.564685
563,50010610002036,106.464281,29.564685
564,50010610002038,106.467729,29.561356
565,50010610002049,106.464539,29.564597
566,50010610002051,106.467359,29.568676
567,50010610002065,106.469907,29.561804
568,50010610002067,106.465741,29.563825
569,50010610002041,106.464281,29.564685
570,50010610002070,106.470923,29.564321
571,50010610002071,106.470923,29.564321
572,50010610002072,106.464694,29.560703
573,50010610002077,106.46883,29.570358
574,50010610002079,106.46516,29.576901
575,50010610002090,106.474633,29.568561
576,50010610002091,106.465099,29.577011
577,50010610002092,106.463762,29.578909
578,50010610002093,106.381331,29.598058
579,50010610002094,106.463724,29.578895
580,50010610002096,106.4618,29.567251
581,50010610002097,106.46614,29.562578
582,50010610004001,106.374805,29.630548
583,50010610004003,106.315089,29.626792
584,50010610004004,106.46257,29.552288
585,50010610004007,106.338752,29.62508
586,50010610004008,106.470582,29.55711
587,50010610004009,106.47841,29.546921
588,50010610004011,106.47706,29.544767
589,50010710000260,106.377437,29.49606
590,50011210000039,106.634817,29.722978
591,50011210000040,106.641375,29.774673
592,50011210000041,106.643407,29.775949
593,50011210000042,106.614762,29.674415
594,50011210000043,106.526028,29.594501
595,50011210000044,106.519078,29.589901
596,50011210000045,106.515108,29.584731
597,50011210000046,106.640031,29.726312
598,50011210000047,106.518621,29.596609
599,50011210000048,106.522728,29.604798
600,50011210000049,106.805209,29.708229
601,50011210000050,106.802464,29.705344
602,50010710000263,106.487811,29.503127
603,50010710000266,106.371775,29.489477
604,50010710000269,106.548349,29.497311
605,50010710000270,106.457267,29.502444
606,50010710000272,106.457267,29.502444
607,50010710000274,106.451843,29.470456
608,50010710000278,106.506186,29.5227
609,50010710000280,106.520735,29.514652
610,50010710000036,106.517102,29.512986
611,50010710000039,106.337266,29.416812
612,50010710000040,106.543204,29.491126
613,50010710000041,106.352045,29.418944
614,50010710000042,106.508805,29.522412
615,50010710000043,106.544426,29.490765
616,50010710000047,106.549455,29.498446
617,50010710000048,106.517708,29.519552
618,50010710000057,106.518437,29.508676
619,50010710000058,106.51611,29.518167
620,50010710000060,106.523463,29.520459
621,50010710000061,106.549765,29.495752
622,50010710000065,106.332762,29.303316
623,50011210000103,106.626706,29.708929
624,50011210000106,106.635364,29.712954
625,50011210000107,106.939437,29.734327
626,50011210000081,106.627849,29.710365
627,50011210000082,107.4,30.4
628,50011210000083,106.62991,29.713503
629,50011210000084,106.511609,29.59251
630,50011210000085,106.617288,29.672183
631,50011210000086,106.602428,29.693078
632,50011210000087,106.601731,29.685629
633,50011210000088,106.613003,29.682224
634,50011210000089,106.636979,29.726832
635,50011210000090,106.643407,29.775949
636,50011210000135,106.610562,29.69237
637,50015310000032,106.557083,29.613047
638,50015310000033,106.209382,29.284954
639,50015310000034,106.588446,29.058154
640,50015310000035,108.712823,30.942818
641,50015310000038,106.564686,29.662242
642,50015310000039,106.548475,29.633175
643,50099910000001,106.530635,29.544606
644,50010710000267,106.522134,29.518679
645,50023310000005,108.051424,30.306022
646,50023310000007,107.732723,30.308146
647,50023310000008,108.047822,30.299137
648,50023310000012,108.038688,30.298155
649,50023310000013,108.079132,30.501489
650,50023310000014,107.747255,30.398017
651,50011310000139,106.556211,29.44473
652,50011310000152,106.568173,29.475686
653,50011310000153,106.56994,29.48113
654,50011310000154,106.530702,29.387195
655,50010710000180,106.510217,29.523091
656,50010710000183,106.521352,29.523984
657,50010710000186,106.526199,29.515455
658,50010710000187,106.509363,29.502438
659,50010710000188,106.451843,29.470456
660,50010710000189,106.439754,29.46582
661,50010710000191,106.319625,29.524338
662,50010710000192,106.445727,29.482056
663,50010710000193,106.511628,29.503917
664,50010710000194,106.485752,29.507146
665,50010710000195,106.441875,29.482449
666,50010710000196,106.339409,29.307573
667,50010710000198,106.534958,29.497749
668,50010710000200,106.44672,29.441744
669,50010710000201,106.517102,29.512986
670,50010710000206,106.522868,29.514767
671,50010710000210,106.513309,29.521119
672,50010710000214,106.352498,29.367187
673,50010710000215,106.368589,29.426607
674,50010710000218,107.5,30.5
675,50010710000220,106.501352,29.522882
676,50010710000221,106.455883,29.501449
677,50010710000222,106.379063,29.49789
678,50010710000223,106.587072,29.627076
679,50010710000227,106.517947,29.514189
680,50010710000228,106.439765,29.46719
681,50010610009027,106.376866,29.55731
682,50010610009028,106.344339,29.621394
683,50010610009032,106.337107,29.626058
684,50010610009033,106.307693,29.608452
685,50010610009037,106.309359,29.558205
686,50010610009038,106.313022,29.563557
687,50010610009039,106.379624,29.636179
688,50010610009040,106.374805,29.630548
689,50010610009041,106.310011,29.555621
690,50010610009045,106.310827,29.555739
691,50010610009046,106.312056,29.585733
692,50010610009047,106.33783,29.627379
693,50010610009050,106.316226,29.68099
694,50010610009051,106.307693,29.608452
695,50010610009054,106.307693,29.608452
696,50010710000006,106.519493,29.514253
697,50011310000087,106.549782,29.469788
698,50011310000088,106.526862,29.384529
699,50011310000089,106.547642,29.406657
700,50011310000091,106.54183,29.471707
701,50011310000092,106.549672,29.460316
702,50011310000095,106.531318,29.386774
703,50011310000096,106.55014,29.458312
704,50011310000097,106.512562,29.392923
705,50011310000098,106.526468,29.385805
706,50011310000099,106.616622,29.389329
707,50011310000100,106.541998,29.47241
708,50011310000101,106.602114,29.432933
709,50011310000102,106.84475,29.577234
710,50011310000104,106.869014,29.45932
711,50011310000105,106.514564,29.398062
712,50011310000106,106.512623,29.394744
713,50011310000109,106.535096,29.466086
714,50011310000110,106.525854,29.387491
715,50011310000112,106.549308,29.471544
716,50011310000113,106.549376,29.407811
717,50011310000114,106.526365,29.389181
718,50011310000115,106.621265,29.450226
719,50011310000118,106.540664,29.46302
720,50011310000119,106.534112,29.46523
721,50011310000121,106.574668,29.429525
722,50011310000122,106.512902,29.393805
723,50011310000127,106.567202,29.476727
724,50011310000135,106.465413,29.502209
725,50011310000136,106.528776,29.380609
726,50010610004014,106.480014,29.561627
727,50010610005001,106.464969,29.557916
728,50010610005002,106.313741,29.565845
729,50010610005007,106.458745,29.555402
730,50010610005009,106.460618,29.551154
731,50010610005011,106.38448,29.593981
732,50010610005012,106.455647,29.543937
733,50010610005013,106.45486,29.53113
734,50010610005014,106.313201,29.556111
735,50010610005015,106.298656,29.601566
736,50010610005016,106.453061,29.530251
737,50010610005017,106.449911,29.577406
738,50010610005018,106.448891,29.556392
739,50010610005019,106.450089,29.565138
740,50010610005020,106.449143,29.53406
741,50010610005023,106.459497,29.544752
742,50010610006001,106.436149,29.530845
743,50010610006004,106.382812,29.589748
744,50010610006009,106.446286,29.53045
745,50010610006010,106.390958,29.730894
746,50010610006012,106.374805,29.630548
747,50010610006014,106.447045,29.519003
748,50010610006016,106.447757,29.521487
749,50010610006019,106.447498,29.520946
750,50010610006020,106.446998,29.517745
751,50010610007002,106.428183,29.518554
752,50010610007003,106.424855,29.520305
753,50010610007004,106.417893,29.558168
754,50010610007006,106.461458,29.547337
755,50010610007008,106.426558,29.529162
756,50010610007009,106.424933,29.57412
757,50010610007010,106.4259,29.572755
758,50010610007011,106.310827,29.555739
759,50010610007012,106.46924,29.570842
760,50010610007013,106.423211,29.594658
761,50010610007014,106.420521,29.596964
762,50010610007015,106.419617,29.609637
763,50010610007016,106.425679,29.516026
764,50010610008001,106.450329,29.609282
765,50010610008002,106.452097,29.61047
766,50010610008003,106.449326,29.605621
767,50010610008004,106.419617,29.609637
768,50010610008006,106.374805,29.630548
769,50010610008008,106.449154,29.622071
770,50010610008009,106.337651,29.625741
771,50010610008012,106.466044,29.657329
772,50010610009001,106.381572,29.601418
773,50010610009002,106.378242,29.636709
774,50010610009003,106.391451,29.710027
775,50010610009004,106.342734,29.624085
776,50010610009005,106.337235,29.625644
777,50010610009006,106.33766,29.627545
778,50010610009008,106.321957,29.691684
779,50010610009010,106.262026,29.634767
780,50010610009011,106.315783,29.682246
781,50010610009012,106.31506,29.680336
782,50010610009014,106.342122,29.625052
783,50010610009015,106.338402,29.626884
784,50010610009021,106.313741,29.565845
785,50010610009026,106.38435,29.610068
786,50015310000008,106.581639,29.638101
787,50015310000009,106.566618,29.642468
788,50015310000010,106.53495,29.62575
789,50015310000011,106.538464,29.626079
790,50015310000012,106.536345,29.627253
791,50015310000013,106.530888,29.623242
792,50015310000016,106.537658,29.625755
793,50015310000017,106.487351,29.639527
794,50015310000018,106.562362,29.673018
795,50015310000019,106.563379,29.56754
796,50015310000020,106.533009,29.624697
797,50015310000021,106.537158,29.636809
798,50015310000022,106.493822,29.638217
799,50015310000024,106.482263,29.630631
800,50015310000026,106.585319,29.633102
801,50015310000027,106.510609,29.607333
802,50015310000028,106.555267,29.606629
803,50015310000029,106.539059,29.611068
804,50023310000019,108.040419,30.294937
805,50023310000020,108.054013,30.307256
806,50023310000021,107.704605,30.360327
807,50023310000024,107.876648,30.388577
808,50023310000025,108.079132,30.501489
809,50023310000026,108.049426,30.298837
810,50023310000028,107.653241,30.285301
811,50023310000029,108.029931,30.305797
812,50023310000030,107.729542,30.306314
813,50011210000052,106.640659,29.744969
814,50011210000053,106.503139,29.593983
815,50011210000055,106.633834,29.720065
816,50011210000056,106.511171,29.591398
817,50011210000058,106.851546,29.857651
818,50011210000059,106.613003,29.682224
819,50011210000060,106.635824,29.722033
820,50011210000061,106.630345,29.723494
821,50011210000063,106.510127,29.596313
822,50011210000065,106.517683,29.587163
823,50011210000066,106.624914,29.71062
824,50011210000067,106.634661,29.737564
825,50011210000068,106.522728,29.604798
826,50011210000071,106.523188,29.595392
827,50011210000072,106.639032,29.756053
828,50011210000074,106.508958,29.59568
829,50011210000075,106.608414,29.691598
830,50011210000076,106.600653,29.689846
831,50011210000077,106.62913,29.714237
832,50011210000078,106.852797,29.859819
833,50011210000079,106.566489,29.599036
834,50011210000080,106.656844,29.761275
835,50011210000091,106.610521,29.69357
836,50011210000092,106.628634,29.669799
837,50011210000093,107.6,30.6
838,50011210000097,106.611467,29.689949
839,50011210000098,106.607934,29.690584
840,50011210000099,106.637284,29.725801
841,50011210000100,106.509682,29.588349
842,50011210000101,106.614762,29.674415
843,50011310000050,106.55002,29.463134
844,50011310000051,106.798651,29.252099
845,50011310000052,106.525813,29.385636
846,50011310000054,106.52895,29.390033
847,50011310000055,106.543374,29.411514
848,50011310000056,106.52395,29.3906
849,50011310000057,106.54136,29.418624
850,50011310000058,106.556562,29.444495
851,50011310000059,106.540295,29.382466
852,50011310000062,106.530715,29.387193
853,50011310000065,106.549499,29.471431
854,50011310000067,106.525854,29.387491
855,50011310000068,106.556211,29.44473
856,50011310000070,106.540587,29.416927
857,50011310000071,106.758274,29.378028
858,50011310000073,106.545491,29.471869
859,50011310000074,106.545065,29.472528
860,50011310000076,106.510622,29.389534
861,50011310000078,106.491764,29.537105
862,50011310000079,106.525854,29.387491
863,50011310000080,106.55583,29.444885
864,50011310000083,106.56994,29.48113
865,50011310000084,106.556211,29.44473
866,50011310000085,106.549778,29.469603
867,50011310000086,106.556211,29.44473
868,50015310000041,106.558651,29.703794
869,50024110000064,108.89127,28.52745
870,50023810000031,109.498603,31.323029
871,50011210000108,106.604551,29.689674
872,50011210000109,106.610079,29.694006
873,50011210000110,106.643407,29.775949
874,50011210000111,106.627323,29.707181
875,50011210000112,106.801858,29.704932
876,50011210000113,106.613428,29.696426
877,50011210000116,106.508989,29.588552
878,50011210000117,106.646532,29.746317
879,50011210000118,106.525413,29.591553
880,50011210000119,106.627105,29.705416
881,50011210000122,106.526294,29.592059
882,50011210000123,106.601921,29.684901
883,50011210000124,106.615903,29.682904
884,50011210000125,106.601772,29.681899
885,50011210000126,106.610752,29.693197
886,50011210000127,106.509784,29.589484
887,50011210000128,106.591426,29.645723
888,50011210000129,106.620939,29.701665
889,50011210000130,106.633316,29.671684
890,50011210000131,106.629957,29.716862
891,50011210000132,106.626878,29.70682
892,50011210000133,106.636758,29.734479
893,50011210000136,106.600662,29.687164
894,50011210000138,106.939437,29.734327
895,50011210000139,106.604793,29.651304
896,50011210000140,106.520399,29.593089
897,50011210000141,106.639001,29.754953
898,50011210000143,106.632973,29.717825
899,50011210000144,106.802285,29.704263
900,50011210000147,106.600934,29.689633
901,50011210000148,106.6398,29.742654
902,50011210000150,106.523836,29.59528
903,50011210000151,106.610965,29.692714
904,50011210000153,107.7,30.7
905,50011210000154,106.628954,29.709641
906,50011210000155,106.635372,29.743089
907,50011210000157,106.564085,29.607683
908,50011210000158,106.610902,29.692839
909,50011210000160,106.628977,29.707509
910,50011210000162,106.628241,29.710538
911,50011210000163,106.600662,29.687164
912,50011210000165,106.510955,29.605366
913,50011210000166,106.638057,29.722841
914,50024110000005,108.998241,28.449041
915,50024110000006,108.864764,28.392886
916,50024110000007,109.067782,28.386323
917,50024110000015,109.201846,28.7531
918,50024110000016,109.197904,28.745629
919,50024110000021,108.994137,28.454612
920,50024110000049,108.892324,28.529855
921,50024110000050,109.042236,28.267867
922,50024110000052,108.918353,28.404439
923,50024110000054,108.993706,28.45504
924,50024110000056,109.026618,28.510128
925,50024110000058,109.000558,28.450435
926,50024110000059,109.00458,28.189072
927,50024110000061,108.931609,28.422823
928,50024110000063,106.587096,29.547936
930,50024210000003,108.778086,28.832715
931,50024210000010,108.774202,28.863001
932,50024210000014,108.774202,28.863001
933,50024210000015,108.694063,28.783317
934,50024210000020,108.775807,28.850708
935,50023310000035,108.037251,30.199954
936,50023310000036,108.044054,30.296468
937,50023310000037,108.205252,30.42703
938,50023310000039,108.130031,30.295582
939,50023310000041,107.658222,30.283593
940,50023310000043,108.044956,30.297994
941,50023310000044,108.039128,30.294574
942,50023310000047,108.054339,30.304374
943,50023310000055,107.748376,30.393944
944,50023310000056,108.044014,30.296449
945,50023310000058,108.04517,30.297086
946,50023310000059,107.731827,30.308138
947,50023310000060,107.939341,30.133171
948,50023310000061,107.59924,30.244685
949,50023310000062,107.958604,30.217433
950,50023310000063,108.009075,30.383695
951,50023310000064,108.037251,30.199954
952,50023310000066,106.43922,29.409068
953,50023310000069,108.079894,30.500895
954,50023310000070,108.020696,30.210472
955,50023310000073,108.018199,30.208189
956,50023410000001,108.32602,31.154487
957,50023410000003,108.38926,31.277101
958,50023410000005,108.401471,31.168011
959,50023410000006,108.428104,31.17803
960,50023410000009,108.377729,31.164086
961,50023410000010,108.437544,31.211068
962,50023410000011,108.227993,31.10593
963,50023410000012,108.315492,31.001185
964,50023410000013,108.317346,31.00449
965,50023410000014,108.317346,31.00449
966,50023410000015,108.253864,30.965869
967,50024110000035,108.930597,28.422531
968,50024110000037,109.19195,28.529323
969,50024110000038,108.892324,28.529855
970,50024110000039,108.993706,28.45504
971,50024110000040,108.892324,28.529855
972,50024110000042,109.00008,28.449731
973,50024110000044,108.918353,28.404439
974,50024110000045,109.020051,28.450794
975,50010510000158,106.48997,29.593252
976,50023210000009,106.46441,29.564641
977,50023110000055,107.294004,30.080863
978,50015310000044,106.473661,29.640025
979,50024210000012,108.773882,28.861544
980,50010510000122,106.569874,29.594742
981,50023710000037,110.115554,30.93085
982,50023710000039,109.886831,31.081118
983,50023710000040,109.826893,31.25797
984,50023710000041,109.653351,31.310392
985,50023710000043,109.826893,31.25797
986,50023710000044,109.858989,30.959264
987,50023710000047,109.857731,30.963915
988,50023710000051,109.88495,31.077945
989,50023710000053,109.879409,31.075026
990,50023710000054,109.829364,31.260822
991,50023810000003,109.636102,31.403282
992,50023810000004,109.625602,31.398388
993,50023810000006,109.620707,31.399723
994,50023810000007,109.614473,31.400211
995,50023810000008,109.624016,31.397786
996,50023810000011,109.635304,31.402017
997,50023810000012,109.620707,31.399723
998,50023810000013,109.624818,31.397353
999,50011210000167,106.533402,29.59482
1000,50011210000168,106.511163,29.589209
1001,50011210000169,106.494679,29.597575
1002,50011210000171,106.631214,29.711247
1003,50011210000172,106.644723,29.723521
1004,50011210000174,106.517374,29.58621
1005,50011210000176,106.6243,29.693616
1006,50011210000177,107.8,30.8
1007,50011210000180,106.517159,29.604414
1008,50011210000181,106.605199,29.672816
1009,50011210000184,106.636346,29.731856
1010,50011210000185,106.603175,29.690035
1011,50011210000186,107.9,30.9
1012,50011210000187,106.801858,29.704932
1013,50011210000188,106.634946,29.722606
1014,50011210000189,106.518703,29.589137
1015,50011210000190,106.63615,29.738691
1016,50011210000192,106.603111,29.687442
1017,50011210000195,106.633233,29.717486
1018,50011210000196,106.649656,29.757683
1019,50011210000198,106.643603,29.745505
1020,50011210000199,106.604466,29.694794
1021,50011210000200,106.617339,29.671982
1022,50011210000208,106.604535,29.673436
1023,50011310000001,106.541595,29.382423
1024,50011310000003,106.556458,29.444795
1025,50011310000006,106.545491,29.471869
1026,50011310000007,106.535474,29.466783
1027,50011310000008,106.758274,29.378028
1028,50011310000009,106.556458,29.444795
1029,50011310000010,106.845477,29.578458
1030,50011310000011,106.712845,29.464411
1031,50011310000012,106.568004,29.408379
1032,50011310000014,106.54894,29.472093
1033,50024210000043,108.979877,28.767145
1034,50024210000045,108.96349,28.909949
1035,50024210000046,108.620558,28.531926
1036,50024210000049,109.167897,29.096669
1037,50015310000002,106.559495,29.669424
1038,50015310000003,106.59279,29.693158
1039,50015310000004,106.500336,29.686898
1040,50015310000005,106.585005,29.688565
1041,50015310000006,106.575792,29.646292
1042,50015310000007,106.570781,29.654004
1043,50011310000015,106.55632,29.444841
1044,50011310000018,106.550326,29.472317
1045,50011310000019,106.549804,29.460661
1046,50011310000022,106.474546,29.575309
1047,50011310000024,106.554027,29.445559
1048,50011310000025,106.575418,29.491518
1049,50011310000027,106.659304,29.349316
1050,50011310000028,106.56994,29.48113
1051,50011310000029,106.542327,29.472205
1052,50011310000030,106.526692,29.38549
1053,50011310000033,106.577117,29.488646
1054,50011310000034,106.547477,29.45207
1055,50011310000036,106.465901,29.564483
1056,50011310000038,106.623483,29.451991
1057,50011310000040,106.505202,29.387097
1058,50011310000042,106.546151,29.471944
1059,50011310000045,106.518073,29.391888
1060,50011310000048,106.551283,29.470983
1061,50011310000049,106.525854,29.387491
1062,50011510000034,107.072818,29.83063
1063,50011510000035,107.09173,29.863142
1064,50010110000003,108.384069,30.832581
1065,50010110000004,108.450365,30.770759
1066,50010110000005,108.371715,30.820294
1067,50010110000006,108.413439,30.710054
1068,50010110000008,108.36863,30.829277
1069,50010110000010,108.391527,30.804756
1070,50011510000069,107.077465,29.836251
1071,50011510000071,107.079595,29.836185
1072,50011510000073,107.071951,29.813109
1073,50011510000074,107.093609,29.862697
1074,50011510000076,106.854453,29.857708
1075,50011510000077,107.081382,29.837146
1076,50011110000011,105.801055,29.497205
1077,50011410000002,108.801952,29.527531
1078,50011410000003,108.795192,29.531338
1079,50011410000004,108.780113,29.536504
1080,50011410000005,108.795192,29.531338
1081,50011410000006,108.789093,29.531995
1082,50011410000008,108.795053,29.528886
1083,50011410000010,108.792979,29.530221
1084,50023710000014,109.733112,31.227247
1085,50023710000018,109.893152,31.082029
1086,50023710000019,109.719068,31.224691
1087,50023710000023,109.883028,31.083597
1088,50023710000025,109.887876,31.080794
1089,50023710000029,109.661195,30.869045
1090,50023710000033,109.887178,31.080313
1091,50023710000036,109.741965,30.937179
1092,50010210000079,107.409943,29.709241
1093,50010210000084,107.263019,29.765168
1094,50010210000085,107.410648,29.701136
1095,50010210000086,107.205075,29.665856
1096,50010210000087,107.409332,29.695421
1097,50010210000088,107.412764,29.697754
1098,50010210000090,107.390032,29.712197
1099,50010210000091,107.399992,29.709963
1100,50010210000092,107.09029,29.854153
1101,50010210000094,107.409838,29.703749
1102,50010210000096,107.264531,29.764161
1103,50010210000098,107.390786,29.711609
1104,50010210000100,107.392563,29.706561
1105,50011010000001,106.93433,28.956449
1106,50011010000003,106.932348,28.953107
1107,50011010000006,106.935805,28.964359
1108,50011010000009,106.932106,28.9551
1109,50011010000012,106.84667,28.869577
1110,50011010000016,106.936968,28.961469
1111,50011010000020,106.931089,28.967182
1112,50011010000021,106.923721,28.916489
1113,50011010000025,106.939157,28.95077
1114,50011010000029,106.93462,28.959037
1115,50023810000014,109.454833,31.334239
1116,50023810000017,109.624016,31.397786
1117,50023810000018,109.527686,31.404599
1118,50023810000020,109.494373,31.322965
1119,50023810000030,109.527686,31.404599
1120,50023810000036,109.627286,31.396864
1121,50024010000001,108.121469,30.002333
1122,50024010000003,108.134232,29.99976
1123,50024010000005,108.117375,30.006673
1124,50024010000006,108.118201,29.999393
1125,50024010000007,108.30489,30.099637
1126,50024010000008,106.508537,29.788827
1127,50024010000009,108.206335,30.429489
1128,50024010000010,108.12285,29.995137
1129,50024010000011,108.400029,30.248301
1130,50024010000012,108.229161,30.417776
1131,50024110000002,108.999317,28.450123
1132,50024110000003,109.011264,28.450394
1133,50024210000022,108.775807,28.850708
1134,50024210000023,108.773882,28.861544
1135,50024210000011,108.59949,28.734957
1136,50024210000025,108.782492,28.856721
1137,50024210000027,108.773882,28.861544
1138,50024210000028,108.908922,28.551102
1139,50022510000009,105.771859,29.567287
1140,50024210000030,108.820463,28.752601
1141,50024210000036,108.979877,28.767145
1142,50024210000041,108.969308,28.786409
1143,50023510000047,108.708215,30.946022
1144,50023610000002,109.387707,31.03213
1145,50023610000003,109.472129,31.025764
1146,50023610000005,109.456334,30.662406
1147,50023610000006,109.4728,31.027992
1148,50023610000007,109.466574,31.025882
1149,50023610000010,109.359889,31.166767
1150,50023610000011,109.473815,31.028225
1151,50023610000012,106.524153,29.514934
1152,50023610000013,109.476341,31.026758
1153,50023610000014,109.473815,31.028225
1154,50023610000015,109.469671,31.022305
1155,50023610000017,109.445196,31.112613
1156,50023610000018,109.479885,31.026976
1157,50023610000019,109.473523,31.02883
1158,50023610000020,109.635202,31.094116
1159,50023610000021,109.472569,31.0277
1161,50024210000032,108.77523,28.848774
1162,50023610000024,109.556092,31.049987
1163,50023610000027,109.560897,31.049221
1164,50023610000028,109.473523,31.02883
1165,50023610000029,109.480859,30.908215
1166,50023610000030,109.477471,31.029902
1167,50010610009055,106.488439,29.547669
1168,50023610000033,109.466091,31.025431
1169,50023610000034,109.387707,31.03213
1170,50023610000035,109.469671,31.022305
1171,50023610000036,109.466322,31.027116
1172,50023610000038,109.209372,31.130958
1173,50023610000039,109.555663,31.05022
1174,50023610000041,109.471779,31.022907
1175,50023610000042,109.209532,31.130987
1176,50023610000044,109.470416,31.022757
1177,50023610000045,109.264507,31.306139
1178,50023610000046,109.464686,31.030481
1179,50023610000047,109.471118,31.02599
1180,50023610000048,109.599788,31.064019
1181,50023610000049,109.473523,31.02883
1182,50023610000054,109.466322,31.027116
1183,50023610000056,109.188426,30.895645
1184,50023610000059,109.209532,31.130987
1185,50023610000061,109.47869,31.025104
1186,50023610000062,109.355667,30.958553
1187,50023610000063,109.355667,30.958553
1188,50023610000064,109.168938,30.718041
1189,50023610000066,109.168938,30.718041
1190,50023610000068,109.475404,31.026418
1191,50023610000088,109.469671,31.022305
1192,50023710000001,109.733112,31.227247
1193,50023710000003,109.661195,30.869045
1194,50023710000006,109.885693,31.078771
1195,50023710000008,109.904229,31.098991
1196,50023710000010,109.872797,31.081013
1197,50023410000016,108.416661,31.172267
1198,50023410000017,108.479353,31.418198
1199,50023410000018,108.403407,31.176204
1200,50023410000019,108.430571,31.09397
1201,50023410000021,106.553728,29.564986
1202,50023410000022,108.386637,31.169003
1203,50023410000023,108.405624,31.176685
1204,50023410000024,108.420423,31.172581
1205,50023410000025,108.406205,31.175735
1206,50023410000027,108.416913,31.17338
1207,50023410000028,108.410152,31.178762
1208,50023410000029,108.434558,31.088633
1209,50023410000030,108.399416,31.169925
1210,50023410000031,108.425992,31.192891
1211,50023410000032,108.398039,31.171898
1212,50023410000033,108.317346,31.00449
1213,50023410000035,108.227808,31.106165
1214,50023410000036,108.232497,31.106867
1215,50023410000037,108.387183,31.166627
1216,50023410000038,108.178635,30.91644
1217,50023410000039,108.306312,31.34941
1218,50023410000040,108.410844,31.177003
1219,50023410000041,108.466574,31.273981
1220,50023410000044,108.142642,31.045469
1221,50023410000045,108.144109,31.180584
1222,50023410000046,108.420039,31.177898
1223,50023410000049,108.406019,31.172868
1224,50023410000051,108.399416,31.169925
1225,50023410000052,108.131499,31.042715
1226,50023410000053,108.178635,30.91644
1227,50023410000054,108.232497,31.106867
1228,50023410000055,108.398039,31.171898
1229,50023410000056,108.141305,31.182465
1230,50023410000058,108.423273,31.174454
1231,50023410000059,108.490966,31.299921
1232,50023410000060,108.38926,31.277101
1233,50023410000061,108.474019,31.269654
1234,50023410000063,108.531477,31.373445
1235,50023410000064,108.534156,31.372755
1236,50023410000065,108.38926,31.277101
1237,50023410000066,108.385527,31.164544
1238,50023410000067,108.451767,31.513256
1239,50023410000070,108.232497,31.106867
1240,50023410000071,108.493151,31.298713
1241,50023410000072,108.317346,31.00449
1242,50023510000001,108.704301,30.935014
1243,50023510000002,108.692919,30.943214
1244,50023510000003,108.877858,30.809711
1245,50023510000004,108.716771,30.92739
1246,50023510000005,108.710927,30.934629
1247,50023510000006,108.943631,31.162626
1248,50023510000007,108.70671,30.935851
1249,50023510000008,108.691031,30.947
1250,50023510000009,108.715983,30.927924
1251,50023510000010,108.701053,30.938195
1252,50023510000012,108.722512,30.927094
1253,50023510000013,108.709259,30.935958
1254,50023510000014,108.693378,30.942614
1255,50023510000015,108.696568,30.941762
1256,50023510000016,108.705143,30.935029
1257,50023510000019,108.701703,30.940342
1258,50023510000020,108.864066,31.13357
1259,50023510000022,108.718553,30.928587
1260,50023510000023,108.725915,30.933241
1261,50023510000024,109.088539,30.945539
1262,50023510000025,108.712898,30.932253
1263,50023510000026,108.712472,30.937597
1264,50023510000027,108.705868,30.937878
1265,50023510000029,108.709773,30.932367
1266,50023510000030,108.692661,30.94398
1267,50023510000031,108.717899,30.928199
1268,50023510000032,108.714396,30.934698
1269,50023510000033,108.697024,30.947329
1270,50023510000034,108.721198,30.910404
1271,50023510000035,108.719618,30.911364
1272,50023510000038,108.826731,31.121082
1273,50023510000039,108.803318,31.227846
1274,50023510000040,108.803318,31.227846
1275,50023510000041,109.032497,30.989363
1276,50023510000042,108.894217,31.339293
1277,50023510000044,108.687885,31.101481
1278,50023510000046,108.515747,31.039454
1279,50011110000005,105.770641,29.491991
1280,50011110000006,105.773822,29.493307
1281,50011510000043,107.076542,29.834755
1282,50011510000050,107.146615,29.960491
1283,50011510000051,107.025646,29.805583
1284,50011510000065,107.013306,29.826767
1285,50011510000066,107.072818,29.83063
1286,50011410000011,108.714808,29.440981
1287,50011410000012,108.626114,29.576521
1288,50011410000013,108.771648,29.535284
1289,50011410000014,108.788302,29.532964
1290,50011410000015,108.786976,29.533326
1291,50011410000019,108.782016,29.536166
1292,50011410000023,108.725384,29.138751
1293,50011410000024,108.725384,29.138751
1294,50011410000025,108.789004,29.393579
1295,50011410000027,108.714808,29.440981
1296,50011410000033,108.583768,29.499417
1297,50011410000034,108.714808,29.440981
1298,50011410000035,108.862894,29.287183
1299,50011410000037,108.714808,29.440981
1300,50011410000038,108.793157,29.529134
1301,50011410000039,108.781271,29.305891
1302,50011410000042,108.788813,29.538414
1303,50011410000043,108.789597,29.522929
1304,50011410000044,108.805162,29.529152
1305,50011410000046,108.714808,29.440981
1306,50011410000047,108.792209,29.529949
1307,50011510000001,106.854453,29.857708
1308,50011510000003,107.08096,29.837023
1309,50011510000004,107.084188,29.84574
1310,50011510000005,107.071951,29.813109
1311,50011510000008,107.08096,29.837023
1312,50011510000009,107.091232,29.864831
1313,50011510000011,107.112001,29.962181
1314,50011510000013,107.093609,29.862697
1315,50011510000018,107.216234,29.961359
1316,50011510000019,107.21602,30.140511
1317,50011510000022,107.088579,29.88177
1318,50011510000024,106.854453,29.857708
1319,50010110000159,108.384557,30.817114
1320,50010110000160,108.370262,30.821808
1321,50010110000161,108.413439,30.710054
1322,50010110000162,108.394619,30.761707
1323,50010110000163,108.38322,30.756913
1324,50010110000165,108.385472,30.758751
1325,50010110000166,108.383627,30.819685
1326,50010110000167,108.379217,30.787324
1327,50010110000168,108.41594,30.772747
1328,50010110000169,108.378739,30.807855
1329,50010110000172,108.36585,30.859988
1330,50010110000173,108.417055,30.770688
1331,50010110000174,108.401842,30.831607
1332,50010110000176,106.464396,29.494215
1333,50010110000177,108.384352,30.832413
1334,50010110000178,108.379234,30.831181
1335,50010110000179,108.35928,30.831249
1336,50010110000180,108.395296,30.761877
1337,50010110000181,108.372343,30.858172
1338,50010110000182,108.417639,30.769662
1339,50010110000184,108.398667,30.765968
1340,50010110000186,108.38322,30.756913
1341,50010110000187,108.358625,30.715145
1342,50010110000188,108.918353,28.404439
1343,50010110000189,108.378739,30.807855
1344,50010110000190,108.397705,30.833597
1345,50010110000191,108.384708,30.804742
1346,50010110000192,108.376415,30.851903
1347,50010110000012,108.387882,30.809576
1348,50010110000013,108.401573,30.76114
1349,50010110000015,108.377113,30.82251
1350,50010110000016,108.450365,30.770759
1351,50010110000017,108.38948,30.813586
1352,50010110000019,108.389864,30.802786
1353,50010110000020,108.661564,30.806487
1354,50010110000022,108.386063,30.813202
1355,50010110000024,108.262007,30.510423
1356,50010110000026,108.397109,30.830695
1357,50010110000028,108.378859,30.848859
1358,50010110000029,108.38733,30.808314
1359,50010110000001,108.388513,30.815766
1360,50010110000030,108.394295,30.829173
1361,50010110000031,108.377629,30.850137
1362,50010110000032,108.412526,30.838402
1363,50010110000033,108.415,30.839271
1364,50010110000036,108.387901,30.816055
1365,50010110000040,108.377045,30.851604
1366,50010110000041,108.416894,30.77066
1367,50010110000042,108.70671,30.935851
1368,50010110000043,108.289752,30.672901
1369,50010110000044,108.401989,30.761491
1370,50010110000045,108.396194,30.781311
1371,50010110000046,108.416384,30.769594
1372,50010110000047,108.413439,30.710054
1373,50010110000048,108.413439,30.710054
1374,50010110000049,108.162739,30.768204
1375,50010110000052,108.375376,30.820424
1376,50010110000053,108.623132,30.819623
1377,50010110000055,108.389228,30.809835
1378,50010110000057,108.424149,30.686028
1379,50010110000058,108.396234,30.781653
1380,50010110000059,108.416804,30.77086
1381,50010110000060,108.386922,30.814504
1382,50010110000061,108.378427,30.807923
1383,50010110000067,108.495991,30.773141
1384,50010110000068,108.401989,30.761491
1385,50010110000072,108.093363,30.723646
1386,50010110000073,108.273553,30.820141
1388,50010110000076,108.615955,30.663515
1389,50010110000080,108.383614,30.815837
1390,50023510000018,108.706097,30.934393
1391,50010810000140,106.570321,29.534425
1392,50011810000145,105.937257,29.324127
1393,50011810000108,105.92183,29.362323
1394,50011810000141,105.893891,29.371944
1395,50022810000040,107.68932,30.662861
1396,50022810000041,107.778395,30.667801
1397,50022810000042,107.808161,30.678172
1398,50022910001001,108.671102,31.951178
1399,50022910001002,108.667704,31.95027
1400,50022910001003,108.671102,31.951178
1401,50022910001004,108.668274,31.950631
1402,50022910001006,108.674826,31.950699
1403,50022910001007,108.673629,31.954321
1404,50022910001008,108.670992,31.951198
1405,50022910001009,108.673484,31.954423
1406,50022910001010,108.6729,31.953612
1407,50022910001011,106.543204,29.491126
1408,50023010000001,107.737837,29.876064
1409,50023010000002,107.742363,29.875535
1410,50023010000004,107.997555,29.843666
1411,50023010000005,107.742789,29.873092
1412,50023010000007,107.729835,29.868603
1413,50023010000009,107.99541,29.843018
1414,50023010000011,107.739245,29.873483
1415,50023010000014,107.872798,30.02499
1416,50023010000015,107.706806,29.877345
1417,50024210000053,108.556072,28.778578
1418,50024210000055,108.404163,28.887458
1419,50024210000056,108.620558,28.531926
1420,50024210000060,108.361052,28.932134
1421,50024210000062,108.820463,28.752601
1422,50024210000063,108.820463,28.752601
1423,50024310000001,108.065948,29.129212
1424,50024310000002,108.165592,29.300033
1425,50024310000003,108.167825,29.291531
1426,50024310000005,108.167825,29.291531
1427,50024310000008,108.074406,29.400501
1428,50024310000011,108.165592,29.300033
1429,50024310000017,108.272868,29.359628
1430,50024310000018,108.171166,29.30267
1431,50024310000019,108.167825,29.291531
1432,50011810000142,105.9323,29.366612
1433,50011910000002,107.108298,29.163607
1434,50011910000003,107.115885,29.158074
1435,50011910000005,107.30365,29.25952
1436,50011910000007,107.115829,29.156895
1437,50011910000008,107.177888,29.141686
1438,50011910000015,107.104296,29.160385
1439,50011910000016,107.111481,29.157585
1440,50011910000017,107.11435,29.154782
1441,50011910000018,107.102878,29.163988
1442,50011910000019,107.177888,29.141686
1443,50011810000113,105.893891,29.371944
1444,50011810000116,105.909169,29.356383
1445,50011810000117,105.906531,29.35242
1446,50011810000120,105.928815,29.358012
1447,50011810000122,105.904165,29.34929
1448,50011810000123,105.893891,29.371944
1449,50011810000124,105.897264,29.355251
1450,50011810000125,105.880358,29.296488
1451,50011810000128,105.893891,29.371944
1452,50011810000129,105.883658,29.248062
1453,50011810000135,105.969483,29.247298
1454,50011810000136,105.940385,29.358292
1455,50011810000137,105.889426,29.396589
1456,50011810000138,105.936816,29.359242
1457,50011810000139,105.897104,29.360589
1458,50011810000140,105.935451,29.364056
1459,50010110000194,108.37639,30.849581
1460,50010110000196,108.409983,30.890794
1461,50010110000197,108.386149,30.811136
1462,50010110000198,108.377586,30.806166
1463,50010110000201,108.351374,30.714806
1464,50010210000001,107.4061,29.706862
1465,50010210000002,107.396307,29.70451
1466,50010210000003,107.405117,29.700503
1467,50010210000004,107.389054,29.717946
1468,50010210000005,107.459689,29.545464
1469,50010210000007,107.489362,29.554067
1470,50010210000008,107.460252,29.78723
1471,50010210000011,107.392187,29.714035
1472,50010210000012,107.397297,29.709975
1473,50010210000013,107.46055,29.543208
1474,50010210000015,107.40607,29.706792
1475,50010210000016,107.40268,29.706491
1476,50010210000017,107.27388,29.756612
1477,50010210000018,107.400548,29.703128
1478,50010210000020,107.060827,29.659293
1479,50010210000021,107.305152,29.743515
1480,50010210000022,107.40621,29.706722
1481,50010210000026,107.384679,29.709543
1482,50010210000027,107.40143,29.714107
1483,50010210000028,107.482117,29.903903
1484,50010210000032,107.369004,29.667294
1485,50010210000033,107.407124,29.702903
1486,50010210000035,107.404405,29.712899
1487,50010210000036,107.405772,29.71527
1488,50010210000039,107.387456,29.711494
1489,50010210000040,107.610413,29.722625
1490,50010210000041,107.407767,29.71056
1491,50010110000082,108.384396,30.818266
1492,50010110000084,108.37639,30.849581
1493,50010110000085,108.376556,30.848122
1494,50010110000088,108.612987,30.74119
1495,50010110000091,108.374907,30.857677
1496,50010110000092,108.374146,30.820843
1497,50010110000093,108.379659,30.820686
1498,50010110000096,108.386582,30.808392
1499,50010110000099,108.377654,30.850226
1500,50010110000101,108.410577,30.776072
1501,50010110000102,108.382911,30.817206
1502,50010110000103,108.385902,30.816495
1503,50010110000104,108.705997,30.941001
1504,50010110000105,108.41232,30.837899
1505,50010110000106,108.369807,30.832177
1506,50010110000107,108.376877,30.822631
1507,50010110000110,108.8217,30.601327
1508,50010110000111,108.417697,30.769703
1509,50010110000113,108.245019,30.641239
1510,50010210000071,107.393293,29.714037
1511,50010210000072,107.305342,29.715344
1512,50010210000073,107.40451,29.712205
1513,50023110000057,107.35037,30.339119
1514,50015310000040,106.487261,29.639508
1516,50024210000018,108.775211,28.839705
1517,50015310000043,106.55179,29.627206
1518,50022710000081,106.234147,29.599185
1519,50011210000209,106.501397,29.599864
1520,50024210000004,109.137175,28.976764
1521,50011410000048,108.838811,29.540364
1522,50024310000013,108.272868,29.359628
1523,50011010000032,106.932183,28.967661
1524,50011010000033,106.942051,28.949825
1525,50011010000036,106.936593,28.96448
1526,50011010000038,106.939157,28.95077
1527,50011010000039,106.892498,28.928522
1528,50011110000004,105.801272,29.496592
1529,50010110000115,108.383684,30.819846
1530,50010110000117,108.383593,30.805652
1531,50010110000118,108.444714,30.905451
1532,50010110000119,108.44361,30.905287
1533,50010110000120,108.378854,30.822413
1534,50010110000123,108.386465,30.813557
1535,50010110000126,108.388082,30.814702
1536,50010110000128,108.388083,30.808733
1537,50010110000131,108.389864,30.802786
1538,50010110000133,108.384738,30.820081
1539,50010110000136,108.450937,30.572861
1540,50010110000137,108.371452,30.821858
1541,50010110000139,108.413439,30.710054
1542,50010110000140,108.386465,30.813557
1543,50010110000141,108.384455,30.812235
1544,50010110000142,108.377922,30.847554
1545,50010110000144,108.389993,30.807496
1546,50010110000145,108.312055,30.830094
1548,50010110000148,108.396283,30.781455
1549,50010110000152,108.383493,30.816418
1550,50010110000153,106.464396,29.494215
1551,50010110000154,108.384447,30.817625
1552,50010110000155,108.398948,30.790731
1553,50010110000157,108.386244,30.81866
1554,50010110000158,108.408833,30.890749
1555,50023110000037,107.35633,30.337594
1556,50023110000039,107.362863,30.084674
1557,50023110000040,107.354398,30.336259
1558,50023110000041,107.353865,30.336226
1559,50023110000042,107.448848,30.478694
1560,50023110000043,107.444445,30.259498
1561,50023110000045,107.356914,30.336016
1562,50023110000046,107.304003,30.269181
1563,50023110000047,107.397647,30.401234
1564,50023110000048,107.36082,30.338214
1565,50023110000049,107.270353,30.211295
1566,50023110000052,107.355626,30.336909
1567,50023110000053,107.355106,30.337088
1568,50011610000055,106.153606,29.210217
1569,50022210000068,106.772228,28.930274
1570,50022210000069,106.663564,29.023866
1571,50022210000070,106.720753,28.583033
1572,50023010000077,108.161901,29.892062
1573,50023010000079,107.62786,29.997049
1574,50023010000080,107.874465,30.028908
1575,50023010000081,107.650881,29.909729
1577,50023110000004,107.387916,30.268607
1578,50023110000006,107.35862,30.341684
1579,50023110000007,107.271488,30.213427
1580,50023110000009,107.348152,30.337244
1581,50023110000011,107.35633,30.337594
1582,50023110000012,107.271139,30.209049
1583,50023110000013,107.362863,30.084674
1584,50023110000016,107.361596,30.342243
1585,50023110000018,107.437244,30.097412
1586,50023110000019,107.355626,30.336909
1587,50011610000027,106.259485,29.287899
1588,50011610000028,106.281796,29.421431
1589,50011610000029,106.266155,29.293423
1590,50011610000030,106.543731,29.554621
1591,50011610000031,106.27214,29.286588
1592,50011610000033,106.260892,29.272542
1593,50011610000034,106.312286,29.407166
1594,50011610000035,106.259289,29.293026
1595,50011610000036,106.438983,29.353137
1596,50011610000037,106.269282,29.035351
1597,50011610000038,106.171495,29.024273
1598,50011610000041,106.039048,29.107137
1599,50011610000042,106.334989,29.4155
1600,50011610000044,105.942721,28.987292
1601,50011610000045,106.077772,29.260441
1602,50011610000046,106.24588,29.274018
1603,50011610000047,106.269282,29.035351
1604,50011610000048,106.220897,29.260356
1605,50011610000051,106.460281,29.121155
1606,50011610000052,106.27362,29.081028
1607,50011610000053,106.460281,29.121155
1608,50022210000071,106.727658,28.745694
1609,50022210000072,106.765318,28.835884
1610,50022210000073,106.655922,29.033783
1611,50022210000076,106.6705,29.034492
1612,50022210000077,106.760685,28.660199
1613,50022210000078,106.748237,29.053562
1614,50022210000079,106.664985,29.023774
1615,50022210000080,106.672371,29.001883
1616,50022410000009,106.059523,29.849231
1617,50022410000011,106.058782,29.840677
1618,50022410000012,106.169975,29.822834
1619,50022410000013,106.069087,29.849391
1620,50022410000014,106.144839,29.851197
1621,50022410000015,106.054468,29.84187
1622,50022410000017,106.08269,29.823307
1623,50022410000019,106.069073,29.839112
1624,50010210000043,107.393298,29.712947
1625,50010210000046,107.406265,29.706028
1626,50010210000048,107.305152,29.743515
1627,50010210000049,107.396075,29.715324
1628,50010210000052,106.492044,29.476266
1629,50010210000053,107.401764,29.717158
1630,50010210000054,107.401238,29.705822
1631,50010210000055,107.369365,29.658625
1632,50010210000057,107.38517,29.707132
1633,50010210000059,107.404872,29.71457
1634,50010210000060,107.114138,29.449003
1635,50010210000061,106.447761,29.836566
1636,50010210000062,107.403388,29.710697
1637,50010210000065,107.386956,29.709453
1638,50010210000067,107.40759,29.706793
1639,50010210000068,107.40761,29.707281
1640,50023010000053,107.62786,29.997049
1641,50023010000054,107.687882,29.76805
1642,50023010000056,107.740595,29.843995
1643,50023010000057,107.837517,29.890596
1644,50023010000059,107.735731,29.871954
1645,50023010000060,107.74139,29.87234
1646,50023010000061,107.731269,29.872661
1647,50023010000062,107.735731,29.871954
1648,50023010000067,107.743318,29.875001
1649,50023010000068,107.871073,30.023859
1650,50023010000070,107.99541,29.843018
1651,50023010000072,108.16188,29.590629
1652,50011510000094,107.246872,29.911919
1653,50011610000003,106.262893,29.294013
1654,50011610000004,106.264725,29.293245
1655,50011610000005,106.259289,29.293026
1656,50011610000007,106.257225,29.292907
1657,50011610000009,106.270157,29.286407
1658,50011610000010,106.2801,29.418809
1659,50011610000012,106.327047,29.41202
1660,50011610000013,106.039048,29.107137
1661,50011610000014,106.273172,29.284325
1662,50011610000015,106.281796,29.421431
1663,50011610000016,106.269282,29.035351
1664,50011610000017,106.266155,29.293423
1665,50011610000018,106.48423,29.281514
1666,50011610000019,106.277224,29.285306
1667,50011610000020,105.939818,29.352859
1668,50011610000022,106.260892,29.272542
1669,50011610000023,106.260892,29.272542
1670,50011610000025,106.265074,29.292584
1671,50022210000030,106.659767,29.040582
1672,50022210000031,106.72561,28.748535
1673,50022210000036,106.656223,29.045924
1674,50022210000039,106.665444,29.03233
1675,50022210000040,106.662669,29.035703
1676,50022210000045,106.672573,28.998796
1677,50022210000048,106.712974,28.949271
1678,50022210000051,106.656608,29.033579
1679,50022210000052,106.51155,29.001717
1680,50022210000053,106.72542,28.74895
1681,50022210000057,106.665542,28.770592
1682,50022210000065,106.760685,28.660199
1683,50022210000066,106.674529,28.900687
1684,50011910000021,107.090865,29.16108
1685,50011910000022,107.177888,29.141686
1686,50011910000023,107.102483,29.163395
1687,50011910000024,107.112554,29.155802
1688,50011910000025,107.098929,29.157143
1689,50011910000026,106.986109,29.260224
1690,50011910000027,107.115885,29.158074
1691,50023010000016,107.706483,29.878685
1692,50023010000017,107.707215,29.878444
1693,50023010000018,108.778086,28.832715
1694,50023010000019,107.735731,29.871954
1695,50023010000022,107.837517,29.890596
1696,50023010000023,107.871073,30.023859
1697,50023010000024,107.737944,29.872127
1698,50023010000025,107.837517,29.890596
1699,50023010000027,107.744654,29.877032
1700,50023010000028,107.729825,29.868095
1701,50023010000029,107.747549,29.878925
1702,50023010000031,107.728678,29.869142
1703,50023010000032,107.735731,29.871954
1704,50023010000033,107.80437,30.050435
1705,50023010000034,107.837517,29.890596
1706,50023010000035,107.739496,29.8719
1707,50023010000038,107.871446,30.02645
1708,50023010000040,107.745859,29.877541
1709,50023010000041,107.745449,29.875704
1710,50023010000042,107.746375,29.87576
1711,50023010000043,107.871073,30.023859
1712,50023010000044,107.737888,29.865761
1713,50024310000020,108.320924,29.437168
1714,50024310000021,108.174554,29.301899
1715,50024310000033,108.270658,29.182312
1716,50024310000034,109.625602,31.398388
1717,50024310000040,107.859305,29.77379
1718,50024310000042,108.295674,29.137521
1719,50024310000049,108.437634,29.53615
1720,50024310000050,106.537525,29.57594
1721,50024310000053,108.099962,29.289242
1722,50011510000078,107.079285,29.841709
1723,50011510000080,107.184831,30.086879
1724,50011510000086,107.078178,29.840388
1725,50011510000090,107.076019,29.834686
1726,50011910000029,106.995234,29.087566
1727,50011910000032,107.058858,29.114882
1728,50022210000003,106.826363,29.084747
1729,50022210000007,106.661632,29.037194
1730,50022210000010,106.760685,28.660199
1731,50022210000011,106.683367,28.613699
1732,50022210000013,106.663292,29.037207
1733,50022210000016,106.653735,29.033287
1734,50022210000020,106.712862,28.949156
1735,50022210000021,106.679237,28.87614
1736,50022210000023,106.654105,29.034298
1737,50022210000024,106.712862,28.949156
1738,50023010000046,107.739496,29.8719
1739,50023010000047,107.729846,29.868785
1740,50023010000048,107.797243,29.925918
1741,50023010000050,107.62786,29.997049
1742,50023010000052,107.737753,29.874133
1743,50022210000085,106.660857,29.041968
1744,50022210000087,106.663302,29.037254
1745,50022210000090,106.683367,28.613699
1746,50022210000093,106.663564,29.023866
1747,50022310000003,105.840918,30.181976
1748,50022310000007,105.722959,30.097178
1749,50023110000023,107.418418,30.222496
1750,50023110000025,107.467099,30.29765
1751,50023110000026,107.344844,30.326215
1752,50023110000029,107.433884,30.098839
1753,50023110000030,107.440118,30.098481
1754,50023110000031,107.356058,30.336827
1755,50011610000057,106.308949,29.21539
1756,50011610000058,106.259076,29.280735
1757,50011610000060,106.269282,29.035351
1758,50011610000061,105.946475,29.066165
1759,50011610000062,106.322053,29.405621
1760,50011610000063,106.39643,29.246426
1761,50011610000064,106.540093,29.154947
1762,50011610000067,106.322053,29.405621
1763,50011610000068,106.265074,29.292584
1764,50011610000070,106.123277,29.066305
1765,50011610000071,106.280175,29.424311
1766,50011610000072,106.27362,29.081028
1767,50011610000073,106.408947,29.102887
1768,50011610000074,106.260987,29.288576
1769,50011610000075,106.495882,29.120416
1770,50011610000077,106.269282,29.035351
1771,50011610000078,106.273319,29.084965
1772,50011610000079,106.129431,29.066196
1773,50011610000081,106.271296,29.28558
1774,50011610000082,106.269282,29.035351
1775,50011610000083,106.312286,29.407166
1776,50022310000011,105.725341,30.095191
1777,50022310000013,105.79842,29.91512
1778,50022310000014,105.838472,30.183301
1779,50022310000015,105.82521,30.183998
1780,50022310000016,105.843484,30.174443
1781,50022310000017,105.843484,30.174443
1782,50022310000018,106.379759,29.602139
1783,50022310000019,105.82441,30.183727
1784,50022310000020,105.753337,30.222137
1785,50022310000021,105.818303,30.185498
1786,50022310000022,105.82254,30.183296
1787,50022310000023,105.845181,30.194655
1788,50022310000024,105.842848,30.172005
1789,50022310000026,105.82521,30.183998
1790,50022310000028,105.843484,30.174443
1791,50022310000029,105.771293,30.034445
1792,50022310000031,105.82254,30.183296
1793,50022310000032,105.91886,30.253778
1794,50022310000033,105.819984,30.182436
1795,50022310000034,105.82521,30.183998
1796,50022310000035,105.842848,30.172005
1797,50022310000036,105.897945,29.9642
1798,50022310000037,105.753498,30.222314
1799,50023110000054,107.467099,30.29765
1800,50023110000058,107.429351,30.308103
1801,50023210000001,107.617293,29.399947
1802,50023210000002,107.772427,29.334631
1803,50023210000005,107.765996,29.330727
1804,50023210000007,107.074279,29.837124
1805,50023210000008,108.079894,30.500895
1806,50023210000011,107.756246,29.331688
1807,50023210000012,107.768038,29.331324
1808,50023210000013,107.766226,29.330957
1809,50023210000014,107.769796,29.332912
1810,50023210000015,107.384871,29.45768
1811,50023210000018,108.930597,28.422531
1812,50023110000032,107.361566,30.341117
1813,50023110000033,107.353795,30.336245
1814,50023110000034,107.361596,30.342243
1815,50023110000035,107.355626,30.336909
1816,50023110000036,107.33608,30.02055
1817,50011710000038,106.274326,29.986242
1818,50011710000039,106.318029,30.118708
1819,50011710000040,106.278223,29.979045
1820,50011710000041,106.081063,30.33717
1821,50011710000042,106.326247,30.187417
1822,50011710000043,106.2748,29.99487
1823,50011710000044,106.247962,30.005349
1824,50011710000045,106.41246,29.978868
1825,50011710000048,106.082941,30.337398
1826,50022810000007,107.805602,30.679043
1827,50022810000008,107.799157,30.674635
1828,50022810000010,107.801866,30.682403
1829,50011810000079,105.931712,29.365664
1830,50011810000080,105.923009,29.364171
1831,50011810000081,105.890111,29.395109
1832,50011810000082,105.849134,29.405547
1833,50011810000084,106.460281,29.121155
1834,50011810000086,105.879107,29.244244
1835,50011810000090,105.912384,29.356204
1836,50011810000093,105.930847,29.287307
1837,50011810000094,106.023149,29.385299
1838,50011810000095,105.889426,29.396589
1839,50011810000096,105.886816,29.250532
1840,50011810000098,105.73179,29.351393
1841,50011710000049,106.328172,30.194295
1842,50011710000050,106.328172,30.194295
1843,50022410000032,105.885162,29.846706
1844,50022410000034,105.963731,29.515192
1845,50022410000036,106.013059,29.573652
1846,50022410000038,106.037456,29.995689
1847,50022410000040,106.046465,29.867592
1848,50022410000043,106.122415,29.720344
1849,50022510000002,105.633454,29.643659
1850,50022510000003,105.732995,29.708258
1851,50022510000005,105.73412,29.704672
1852,50022510000006,105.71902,29.703884
1853,50022510000007,105.722374,29.708793
1854,50022510000008,105.731679,29.706294
1855,50022510000011,105.71902,29.703884
1856,50011810000102,105.900408,29.356046
1857,50011810000103,105.934002,29.335251
1858,50011810000104,105.909413,29.347715
1859,50011810000105,105.899944,29.370116
1860,50011810000107,105.877024,29.140518
1861,50022810000011,107.798712,30.67498
1862,50022810000012,107.80822,30.677964
1863,50022810000014,107.80822,30.677964
1864,50022810000015,107.803052,30.67523
1865,50022810000016,107.803052,30.67523
1866,50022810000017,107.609084,30.640432
1867,50022810000018,107.803052,30.67523
1868,50022810000019,107.803052,30.67523
1869,50022810000020,107.789717,30.667181
1870,50022810000021,107.738234,30.848027
1871,50022810000022,107.808264,30.679096
1872,50022810000024,107.802496,30.675835
1873,50022810000025,107.524883,30.744006
1874,50022510000012,106.454864,29.53113
1875,50022510000013,105.727422,29.704887
1876,50022510000014,105.720407,29.703572
1877,50022510000015,105.84101,29.637721
1878,50022510000016,105.721068,29.701471
1879,50022510000017,105.737839,29.706544
1880,50010310000278,106.536854,29.54397
1881,50011710000052,106.328547,30.190084
1882,50011710000053,106.297625,29.977854
1883,50011710000054,106.474161,30.222834
1884,50011710000056,106.270818,29.980965
1885,50011710000058,106.258442,30.002715
1886,50011710000059,106.277473,30.012564
1887,50011710000060,106.32737,30.186406
1888,50022510000031,105.933347,29.766615
1889,50022510000032,105.736542,29.70251
1890,50022510000034,105.628582,29.563282
1891,50010710001075,106.500677,29.539029
1892,50010710001068,106.496777,29.525612
1893,50010710001063,106.481976,29.527505
1894,50010710001062,106.481169,29.537535
1895,50010710001061,106.459379,29.500514
1896,50010710001059,106.462907,29.521166
1897,50010710001056,106.534492,29.57252
1898,50010710001055,106.491764,29.537105
1899,50010710001054,106.465071,29.526919
1900,50010710001053,106.485519,29.535578
1901,50010710001051,106.460413,29.521898
1902,50010710001049,106.610421,29.539201
1903,50010710001048,106.464022,29.521942
1904,50010710001047,106.496063,29.536337
1905,50010710001045,106.5023,29.540332
1906,50011210000182,106.932557,28.966596
1907,50010710001044,106.465019,29.52522
1908,50010710001043,106.486783,29.533659
1909,50022510000035,105.994637,29.664606
1910,50022510000036,105.777956,29.559509
1911,50022510000037,105.793938,29.66309
1912,50022510000039,105.815861,29.549334
1913,50022510000040,105.735292,29.704794
1914,50022510000044,106.525813,29.385636
1915,50022510000045,105.933347,29.766615
1916,50022510000046,105.763808,29.5744
1917,50022510000048,105.717888,29.707896
1918,50022510000050,108.999317,28.450123
1919,50011710000081,106.252064,30.004559
1920,50011710000083,106.270406,29.985431
1921,50011710000084,106.318029,30.118708
1922,50011710000085,106.326044,30.18819
1923,50011710000088,106.274794,29.986021
1924,50011710000089,106.412034,29.97929
1925,50011710000090,106.41246,29.978868
1926,50010710001040,106.478693,29.518301
1927,50010710001039,106.499032,29.536798
1928,50010710001038,106.497382,29.529628
1929,50010710001037,106.34228,29.346395
1930,50010710001036,106.492461,29.542968
1931,50010710001035,106.49807,29.536265
1932,50010710001034,106.471754,29.509704
1933,50010710001031,106.496733,29.532064
1934,50010710001030,106.480831,29.526719
1935,50010710001029,106.487999,29.529987
1936,50010710001028,106.493053,29.539025
1937,50010710001025,106.482357,29.536497
1938,50010710001021,106.497369,29.53723
1939,50010710001020,106.49131,29.533719
1940,50010710001018,106.492176,29.5373
1941,50010710001017,106.481714,29.536777
1942,50010710001016,106.491545,29.528125
1943,50010710001014,106.481806,29.527453
1944,50010710001013,106.471523,29.526508
1945,50011710000092,106.247782,30.007464
1946,50011710000093,106.328404,30.190748
1947,50011710000094,106.233557,30.097993
1948,50011710000095,106.269078,29.993901
1949,50011710000096,105.962786,30.349728
1950,50011710000098,106.280993,29.980781
1951,50011710000099,108.946998,28.458167
1952,50011710000100,106.060155,30.104706
1953,50011710000103,106.060288,30.104303
1954,50011710000107,106.597791,30.083864
1955,50011710000108,106.258442,30.002715
1956,50022510000051,105.747626,29.660709
1957,50022510000052,105.726836,29.703987
1958,50022510000054,105.676212,29.769443
1959,50022610000001,105.605394,29.408067
1960,50022610000002,109.201846,28.7531
1961,50023110000005,107.362444,30.327608
1962,50010710001012,106.495795,29.540593
1963,50010710001011,106.507933,29.541665
1964,50010710001010,106.499516,29.539232
1965,50010710001009,106.48428,29.531356
1966,50010710001006,106.487808,29.534825
1967,50024210000034,108.773953,28.845496
1968,50024210000029,108.806808,28.905278
1969,50024210000024,108.774202,28.863001
1970,50024210000017,108.96349,28.909949
1971,50023210000016,107.881586,29.397551
1972,50011810000144,105.896048,29.358089
1973,50011110000023,105.747459,29.4333
1974,50022610000005,105.605394,29.408067
1975,50022610000006,105.603357,29.410084
1976,50022610000007,105.60304,29.410415
1977,50022610000008,105.611825,29.41052
1978,50022610000009,105.605394,29.408067
1979,50022610000010,106.570323,29.562039
1980,50022610000012,105.60403,29.410039
1981,50022610000013,105.607215,29.41955
1982,50022610000015,116.560656,39.976619
1983,50022610000016,105.61159,29.410827
1984,50022610000017,105.597892,29.408036
1985,50022610000020,105.60403,29.410039
1986,50022610000021,105.589654,29.406932
1987,50022610000023,105.590353,29.418605
1988,50022610000025,105.609325,29.408064
1989,50022610000026,105.605394,29.408067
1990,50011710000110,106.002166,30.365678
1991,50011710000111,106.522868,29.514767
1992,50011710000063,106.263013,30.000456
1993,50011710000064,106.477119,29.905204
1994,50011710000066,106.474161,30.222834
1995,50011710000067,106.597901,30.084262
1996,50011710000068,106.273607,29.986038
1997,50022810000026,107.802602,30.672707
1998,50022810000027,107.804564,30.677901
1999,50022810000028,107.550441,30.595127
2000,50022810000029,107.558962,30.616792
2001,50022810000030,107.979709,30.658987
2002,50022810000031,107.552203,30.598042
2003,50022810000032,107.807881,30.677186
2004,50022810000033,107.809233,30.674796
2005,50022810000035,107.802025,30.676389
2006,50022810000036,107.549404,30.592333
2007,50022810000037,107.798904,30.674399
2008,50022810000038,107.807016,30.678648
2009,50022810000039,107.69832,30.802095
2010,50024210000008,108.779707,28.832109
2011,50010710001102,106.483794,29.537535
2012,50010710001088,106.491044,29.534011
2013,50010710001086,106.493785,29.529976
2014,50010710001084,106.517374,29.535453
2015,50010710001083,106.489204,29.535176
2016,50010710001082,106.480529,29.526644
2017,50011710000069,106.274923,30.007282
2018,50011710000070,106.551108,29.559067
2019,50011710000071,106.269569,30.00716
2020,50011710000075,106.183224,30.180402
2021,50011710000076,106.273597,29.984648
2022,50011710000078,106.248913,30.004358
2023,50022510000021,105.632391,29.643705
2024,50022510000024,105.717164,29.703631
2025,50022510000025,105.721006,29.704465
2026,50022510000027,105.67746,29.542947
2027,50022510000028,105.771859,29.567287
2028,50022510000029,105.940539,29.684962
2029,50022510000030,105.771859,29.567287
2030,50022410000020,106.054001,29.844955
2031,50022410000021,106.144839,29.851197
2032,50022410000022,105.937613,29.577811
2033,50022410000023,106.046465,29.867592
2034,50022410000024,106.061027,29.836552
2035,50022410000025,106.062484,29.849394
2036,50022410000026,106.064912,29.845648
2037,50022410000028,106.069746,29.846235
2038,50022410000029,106.054294,29.845889
2039,50022410000030,106.173411,29.815011
2040,50022410000031,105.8845,29.846096
2041,50011710000023,106.334533,30.086609
2042,50022710000058,106.231202,29.601653
2043,50022710000061,106.241535,29.475313
2044,50022710000065,106.241535,29.475313
2045,50022710000069,106.239148,29.601081
2046,50022710000070,106.245109,29.478685
2047,50022710000073,106.234579,29.577964
2048,50022710000075,106.237537,29.590961
2049,50022710000076,106.237992,29.591384
2050,50022710000077,106.238633,29.571339
2051,50022710000078,106.236619,29.562163
2052,50022710000079,106.241638,29.600594
2053,50022810000001,107.804974,30.676921
2054,50022810000002,107.658267,30.533746
2055,50022810000003,107.804295,30.678299
2056,50022810000004,107.588972,30.54457
2057,50022810000005,107.81924,30.721694
2058,50011710000026,106.41246,29.978868
2059,50011710000027,106.281546,29.983049
2060,50011710000028,106.261661,29.9994
2061,50011710000030,106.275626,29.995089
2062,50011710000035,106.27393,29.985961
2063,50011710000036,106.056226,30.108121
2064,50011710000037,106.474161,30.222834
2065,50011810000068,105.85827,29.018803
2066,50011810000073,105.899814,29.353042
2067,50011810000074,105.897725,29.355738
2068,50011810000076,105.879997,29.138427
2069,50011810000078,105.93285,29.367974
2070,50022710000057,106.239452,29.551797
2071,50010510000084,106.713615,29.619318
2072,50010310000176,106.578065,29.555088
2073,50010510000144,106.539081,29.572257
2074,50010510000135,106.533407,29.571892
2075,50010310000092,106.591564,29.565636
2076,50010310000103,106.517802,29.549689
2077,50010910000132,106.522895,29.819772
2078,50010510000005,106.532323,29.589646
2079,50010510000012,106.491582,29.576317
2080,50010910000051,106.430495,29.820836
2081,50010910000059,106.443842,29.825857
2082,50010710000288,106.339535,29.307182
2083,50010810000073,106.578427,29.536064
2084,50010810000080,106.610954,29.540175
2085,50010710000127,106.523168,29.516902
2086,50010810000171,106.570697,29.529733
2087,50010810000185,106.57533,29.535278
2088,50010710000021,106.520342,29.509816
2089,50010610002015,106.472196,29.567966
2090,50010610002022,106.455806,29.544319
2091,50010710000164,106.506015,29.52261
2092,50010710000173,106.442168,29.483787
2093,50011310000151,106.841155,29.580299
2094,50010710000226,106.451843,29.470456
2095,50010610009031,106.337028,29.626076
2096,50011310000103,106.525197,29.46838
2097,50011310000111,106.52571,29.389602
2098,50010610006003,106.446491,29.530579
2099,50010610008011,106.451671,29.642916
2100,50015310000031,106.530635,29.544606
2101,50023310000022,108.049742,30.301905
2102,50011210000114,106.63964,29.738307
2103,50024110000024,109.057567,28.613301
2104,50023810000002,109.68274,31.646868
2105,50023810000010,109.637643,31.402767
2106,50024210000048,108.958901,28.896927
2107,50023710000024,109.886689,31.088358
2108,50011010000030,106.788929,28.837951
2109,50023610000001,109.469671,31.022305
2110,50023610000009,109.466574,31.025882
2111,50023610000057,109.527789,31.137917
2112,50023410000050,108.416661,31.172267
2113,50023510000028,108.72301,30.932646
2114,50011410000022,108.780048,29.303597
2115,50011710000115,106.410768,29.97865
2116,50011710000118,106.233449,30.097124
2117,50011710000120,106.587434,30.26318
2118,50011710000122,106.270084,30.00391
2119,50011710000124,106.41246,29.978868
2120,50011710000127,106.274533,29.994359
2121,50011710000129,106.056226,30.108121
2122,50011710000130,106.469328,30.216711
2123,50011710000131,106.470652,29.884935
2124,50011710000132,106.531555,29.982693
2125,50011710000134,106.27022,29.981322
2126,50011710000136,106.258448,30.002129
2127,50011710000143,106.268534,29.998357
2128,50022610000027,105.60061,29.409278
2129,50022610000029,105.597097,29.407464
2130,50022610000031,105.534876,29.377834
2131,50022610000032,105.534688,29.376365
2132,50022610000035,105.529469,29.37682
2133,50022610000036,105.596146,29.407802
2134,50022610000039,105.596402,29.407649
2135,50022610000040,105.572159,29.524938
2136,50022610000041,105.553927,29.568691
2137,50022610000042,105.457355,29.438679
2138,50022610000043,105.479242,29.36476
2139,50022610000044,105.476529,29.362671
2140,50022610000046,105.477917,29.361542
2141,50022610000048,105.479242,29.36476
2142,50022610000051,105.579925,29.323754
2143,50022610000052,105.490882,29.513084
2144,50022610000053,105.599759,29.489763
2145,50022610000055,105.580111,29.324664
2146,50022610000056,105.40244,29.638822
2147,50011710000148,106.43973,30.083706
2148,50011710000150,106.060886,30.10144
2149,50011710000151,106.530558,29.977977
2150,50011710000153,106.401976,30.00916
2151,50011710000154,106.269518,29.98185
2152,50011710000163,106.41246,29.978868
2153,50011810000002,105.941451,29.355154
2154,50011810000004,105.897849,29.362621
2155,50011810000005,105.94162,29.369932
2156,50011810000008,105.893891,29.371944
2157,50011810000009,105.897842,29.36258
2158,50011810000010,105.937821,29.356151
2159,50023210000020,107.754898,29.32751
2160,50023210000021,107.547307,29.392262
2161,50023210000022,107.888133,29.244818
2162,50023210000023,107.774358,29.434021
2163,50023210000024,107.547307,29.392262
2164,50023210000025,107.486103,29.338384
2165,50011610000085,106.436001,29.352545
2166,50011610000086,106.288287,29.395584
2167,50011610000087,106.322051,29.406129
2168,50011610000088,106.309184,29.21752
2169,50011610000089,106.348742,28.911312
2170,50011610000091,106.28161,29.418676
2172,50011810000011,105.880071,29.244441
2173,50011810000012,105.940803,29.355906
2174,50011810000013,105.902881,29.353465
2175,50011810000014,105.909413,29.347715
2176,50011810000015,105.930011,29.370499
2177,50011810000016,105.897133,29.355666
2178,50011810000017,105.906199,29.35446
2179,50011810000018,105.897975,29.355706
2180,50022610000057,105.40244,29.638822
2181,50022610000058,105.40244,29.638822
2182,50022610000059,105.489136,29.510762
2183,50022610000060,105.572159,29.524938
2184,50022610000063,105.534211,29.378252
2185,50022610000064,105.599942,29.410323
2186,50022610000066,105.596541,29.408324
2187,50022610000067,105.603148,29.409195
2188,50022610000068,105.530512,29.375503
2189,50022610000069,105.610413,29.41428
2190,50022610000071,105.591908,29.412605
2191,50022610000072,105.594652,29.414074
2192,50011610000105,106.27557,29.369451
2193,50011610000106,105.944288,29.352496
2194,50011610000108,106.281796,29.421431
2195,50011610000109,106.512639,29.54229
2196,50011610000110,106.312286,29.407166
2197,50011610000111,106.280175,29.424311
2198,50011610000112,106.322053,29.405621
2199,50011610000113,106.334065,29.412355
2200,50011610000114,106.280134,29.41291
2201,50011610000116,106.312286,29.407166
2202,50022310000040,105.847975,30.202512
2203,50022310000041,105.851221,30.197884
2204,50022310000042,105.771293,30.034445
2205,50022310000043,105.838185,30.171071
2206,50022310000045,105.850012,30.195509
2207,50022310000046,105.844385,30.198249
2208,50022310000047,105.839915,30.182377
2209,50022610000073,105.608455,29.419638
2210,50022710000001,106.560592,29.56607
2211,50022710000002,106.242986,29.469004
2212,50022710000003,106.161434,29.417496
2213,50022710000004,106.232819,29.566556
2214,50022710000007,106.240942,29.602456
2215,50022710000008,106.241125,29.470977
2216,50022710000011,106.237992,29.591384
2217,50022710000012,106.228188,29.591302
2218,50011810000019,105.933423,29.355194
2219,50011810000020,105.906199,29.35446
2220,50011810000021,105.904849,29.349206
2221,50011810000022,106.522122,29.531825
2222,50011810000023,105.936313,29.357288
2223,50011810000025,105.893891,29.371944
2224,50011810000026,105.941504,29.369893
2225,50011810000027,105.907864,29.353745
2226,50011810000028,105.901175,29.356122
2227,50011810000030,105.937207,29.355759
2228,50011810000031,105.893891,29.371944
2229,50022310000053,105.615729,30.160816
2230,50022310000056,105.624085,30.158217
2231,50022310000057,105.880631,30.332246
2232,50022310000061,105.755868,30.213885
2233,50022410000001,106.556191,29.565459
2234,50022410000002,106.059109,29.850669
2235,50022410000003,106.079394,29.823032
2236,50023210000027,107.771315,29.340513
2237,50023210000028,107.765496,29.330311
2238,50023210000029,108.96349,28.909949
2239,50023210000031,107.617491,29.399643
2240,50023210000032,107.551109,29.399708
2241,50023310000002,107.879104,30.380762
2242,50011810000033,105.944203,29.361397
2243,50011810000034,105.945535,29.361173
2244,50011810000035,105.893891,29.371944
2245,50011810000036,105.789683,29.271188
2246,50011810000037,105.904275,29.349703
2247,50011810000039,105.897844,29.365075
2248,50011810000040,105.886816,29.250532
2249,50011810000041,105.889426,29.396589
2250,50011810000042,105.935245,29.336521
2251,50011810000043,105.934854,29.356069
2252,50011810000044,105.908916,29.356602
2253,50011810000045,105.893891,29.371944
2254,50022710000013,106.936593,28.96448
2255,50022710000014,106.234831,29.598604
2256,50022710000016,106.233444,29.595589
2257,50022710000023,106.155955,29.413361
2258,50022710000024,106.164164,29.417205
2259,50024310000012,108.173633,29.301411
2260,50023510000045,108.803318,31.227846
2262,50010710001104,106.485459,29.534899
2263,50023610000058,109.229957,31.121135
2264,50011010000014,106.932907,28.961378
2265,50011610000117,106.2801,29.418809
2266,50011610000118,106.520037,29.165907
2267,50011610000119,106.469415,28.739957
2268,50011610000120,106.438983,29.353137
2269,50011610000121,106.334989,29.4155
2270,50011610000124,106.186804,29.216447
2271,50011710000001,106.28016,29.982004
2272,50022710000027,106.148465,29.412735
2273,50022710000028,106.224888,29.440357
2274,50022710000030,106.221116,29.4406
2275,50022710000037,106.243098,29.467652
2276,50022710000038,106.224888,29.440357
2277,50022710000040,106.238096,29.572175
2278,50022710000042,106.232379,29.564083
2279,50022710000043,106.241973,29.48046
2280,50022710000048,106.530635,29.544606
2281,50022710000052,106.302415,29.839945
2282,50022710000053,106.240049,29.576745
2283,50022710000054,106.242783,29.591778
2284,50022710000056,106.292613,29.783169
2285,50011810000051,105.907242,29.355042
2286,50011810000052,105.944163,29.361373
2287,50011810000055,105.941846,29.356156
2288,50011710000002,106.258442,30.002715
2289,50011710000003,108.413439,30.710054
2290,50011710000004,106.247962,30.005349
2291,50011710000006,106.2782,30.01205
2292,50011710000009,106.233758,30.096569
2293,50011710000010,106.267089,29.997072
2294,50011710000011,106.597901,30.084262
2295,50011710000013,106.437386,30.02507
2296,50011710000016,106.37706,30.24653
2297,50011710000017,106.154217,30.021841
2298,50011710000018,106.32678,30.187986
2299,50011710000022,106.26062,29.999845
2300,50022410000005,106.061188,29.847035
2301,50022410000006,106.074523,29.842644
2302,50022410000007,106.067559,29.850419
2303,50011810000056,105.924422,29.363926
2304,50011810000057,105.8924,29.37192
2305,50011810000061,105.936505,29.356552
2306,50011810000062,105.909488,29.377461
2307,50011810000063,105.941478,29.35504
2308,50011810000064,105.930847,29.287307
2309,50011810000066,105.902465,29.344919
2310,50011510000025,107.093482,29.863396
2311,50010110000018,108.394101,30.806925
2312,50010110000070,106.307693,29.608452
2313,50010110000077,108.393144,30.827039
2314,50024210000058,109.137217,28.894786
2315,50024210000066,108.784402,28.825201
2316,50011810000134,106.026051,29.385067
2317,50010210000037,107.306788,29.741101
2318,50022710000018,106.233302,29.579555
2319,50010110000150,108.393629,30.826652
2320,50010110000156,108.407776,30.890632
2321,50011610000026,106.262204,29.294142
2322,50022410000010,106.069074,29.849646
2323,50022410000018,106.064129,29.841864
2324,50023010000071,107.727969,29.869111
2325,50022210000060,106.664934,29.037125
2326,50023010000049,107.797243,29.925918
2327,50022210000088,106.659849,29.027532
2328,50011610000076,106.280933,29.413796
2329,50022310000009,105.819711,30.184397
2330,50023210000019,107.547515,29.393153
2331,50022410000035,106.080326,29.648548
2332,50011710000057,106.056226,30.108121
2333,50011710000082,106.41246,29.978868
2334,50022510000053,105.719581,29.706057
2335,50022610000022,105.60403,29.410039
2336,50011710000031,106.258779,30.002137
2337,50022610000045,105.479242,29.36476
2338,50022610000054,105.484672,29.285785
2339,50011810000038,105.889426,29.396589
2340,50022710000026,106.239011,29.558194
2341,50022710000039,106.244626,29.597026
2342,50011810000060,105.940742,29.368916
